ISO-10303-21;
HEADER;
/* Generated by software containing ST-Developer
 * from STEP Tools, Inc. (www.steptools.com) 
 */
/* OPTION: using custom renumber hook */

FILE_DESCRIPTION(
/* description */ ('STEP AP242 Edition 2',
'CAx-IF Rec.Pracs.---Representation and Presentation of Product Manufa
cturing Information (PMI)---4.0---2014-10-13',
'CAx-IF Rec.Pracs.---3D Tessellated Geometry---0.4---2014-09-14','2;1',
'CAx-IF Rec.Pracs.---User Defined Attributes---1.5---2016-08-15'),
/* implementation_level */ '2;1');

FILE_NAME(
/* name */ '6aab4156749bf2973e62558f',
/* time_stamp */ '2026-09-17T01:24:38Z',
/* author */ (''),
/* organization */ (''),
/* preprocessor_version */ 'ST-DEVELOPER v20',
/* originating_system */ 'ONSHAPE BY PTC INC, 1.220',
/* authorisation */ '  ');

FILE_SCHEMA (('AP242_MANAGED_MODEL_BASED_3D_ENGINEERING_MIM_LF { 1 0 10303 442 3 1 4 }'));
ENDSEC;

DATA;
#10=CONTEXT_DEPENDENT_SHAPE_REPRESENTATION(#16,#4220);
#11=CONTEXT_DEPENDENT_SHAPE_REPRESENTATION(#17,#4222);
#12=CONTEXT_DEPENDENT_SHAPE_REPRESENTATION(#18,#4224);
#13=NEXT_ASSEMBLY_USAGE_OCCURRENCE('NAUO1',
'macroPad-unsaved-export-fYbyWo_PCB',
'macroPad-unsaved-export-fYbyWo_PCB',#4225,#4226,'');
#14=NEXT_ASSEMBLY_USAGE_OCCURRENCE('NAUO2','Part 2','Part 2',#4225,#4227,
'');
#15=NEXT_ASSEMBLY_USAGE_OCCURRENCE('NAUO3','Part 1','Part 1',#4225,#4228,
'');
#16=(
REPRESENTATION_RELATIONSHIP(' ',' ',#2563,#2562)
REPRESENTATION_RELATIONSHIP_WITH_TRANSFORMATION(#19)
SHAPE_REPRESENTATION_RELATIONSHIP()
);
#17=(
REPRESENTATION_RELATIONSHIP(' ',' ',#2564,#2562)
REPRESENTATION_RELATIONSHIP_WITH_TRANSFORMATION(#20)
SHAPE_REPRESENTATION_RELATIONSHIP()
);
#18=(
REPRESENTATION_RELATIONSHIP(' ',' ',#2565,#2562)
REPRESENTATION_RELATIONSHIP_WITH_TRANSFORMATION(#21)
SHAPE_REPRESENTATION_RELATIONSHIP()
);
#19=ITEM_DEFINED_TRANSFORMATION(' ',' ',#2566,#2733);
#20=ITEM_DEFINED_TRANSFORMATION(' ',' ',#2566,#2792);
#21=ITEM_DEFINED_TRANSFORMATION(' ',' ',#2566,#2831);
#22=SHAPE_REPRESENTATION_RELATIONSHIP('','',#2563,#25);
#23=SHAPE_REPRESENTATION_RELATIONSHIP('','',#2564,#26);
#24=SHAPE_REPRESENTATION_RELATIONSHIP('','',#2565,#27);
#25=ADVANCED_BREP_SHAPE_REPRESENTATION('',(#2555),#4208);
#26=ADVANCED_BREP_SHAPE_REPRESENTATION('',(#2556),#4209);
#27=ADVANCED_BREP_SHAPE_REPRESENTATION('',(#2557),#4210);
#28=CYLINDRICAL_SURFACE('',#2677,0.00085);
#29=CYLINDRICAL_SURFACE('',#2678,0.002);
#30=CYLINDRICAL_SURFACE('',#2679,0.00085);
#31=CYLINDRICAL_SURFACE('',#2680,0.00075);
#32=CYLINDRICAL_SURFACE('',#2681,0.00075);
#33=CYLINDRICAL_SURFACE('',#2682,0.0005);
#34=CYLINDRICAL_SURFACE('',#2683,0.0005);
#35=CYLINDRICAL_SURFACE('',#2684,0.00085);
#36=CYLINDRICAL_SURFACE('',#2685,0.002);
#37=CYLINDRICAL_SURFACE('',#2686,0.00085);
#38=CYLINDRICAL_SURFACE('',#2687,0.00075);
#39=CYLINDRICAL_SURFACE('',#2688,0.00075);
#40=CYLINDRICAL_SURFACE('',#2689,0.00085);
#41=CYLINDRICAL_SURFACE('',#2690,0.002);
#42=CYLINDRICAL_SURFACE('',#2691,0.00085);
#43=CYLINDRICAL_SURFACE('',#2692,0.00075);
#44=CYLINDRICAL_SURFACE('',#2693,0.00075);
#45=CYLINDRICAL_SURFACE('',#2694,0.0005);
#46=CYLINDRICAL_SURFACE('',#2695,0.0005);
#47=CYLINDRICAL_SURFACE('',#2696,0.0005);
#48=CYLINDRICAL_SURFACE('',#2697,0.0005);
#49=CYLINDRICAL_SURFACE('',#2698,0.0005);
#50=CYLINDRICAL_SURFACE('',#2699,0.0005);
#51=CYLINDRICAL_SURFACE('',#2700,0.00085);
#52=CYLINDRICAL_SURFACE('',#2701,0.002);
#53=CYLINDRICAL_SURFACE('',#2702,0.00085);
#54=CYLINDRICAL_SURFACE('',#2703,0.0005);
#55=CYLINDRICAL_SURFACE('',#2704,0.0005);
#56=CYLINDRICAL_SURFACE('',#2705,0.0005);
#57=CYLINDRICAL_SURFACE('',#2706,0.0005);
#58=CYLINDRICAL_SURFACE('',#2707,0.0005);
#59=CYLINDRICAL_SURFACE('',#2708,0.0005);
#60=CYLINDRICAL_SURFACE('',#2709,0.0005);
#61=CYLINDRICAL_SURFACE('',#2710,0.0005);
#62=CYLINDRICAL_SURFACE('',#2711,0.0005);
#63=CYLINDRICAL_SURFACE('',#2712,0.0005);
#64=CYLINDRICAL_SURFACE('',#2713,0.00075);
#65=CYLINDRICAL_SURFACE('',#2714,0.00075);
#66=CYLINDRICAL_SURFACE('',#2715,0.00085);
#67=CYLINDRICAL_SURFACE('',#2716,0.002);
#68=CYLINDRICAL_SURFACE('',#2717,0.00085);
#69=CYLINDRICAL_SURFACE('',#2718,0.00075);
#70=CYLINDRICAL_SURFACE('',#2720,0.00075);
#71=CYLINDRICAL_SURFACE('',#2722,0.0005);
#72=CYLINDRICAL_SURFACE('',#2723,0.0005);
#73=CYLINDRICAL_SURFACE('',#2724,0.0005);
#74=CYLINDRICAL_SURFACE('',#2725,0.00075);
#75=CYLINDRICAL_SURFACE('',#2726,0.00075);
#76=CYLINDRICAL_SURFACE('',#2727,0.0005);
#77=CYLINDRICAL_SURFACE('',#2728,0.0005);
#78=CYLINDRICAL_SURFACE('',#2729,0.00075);
#79=CYLINDRICAL_SURFACE('',#2731,0.00075);
#80=CYLINDRICAL_SURFACE('',#2756,0.0035);
#81=CYLINDRICAL_SURFACE('',#2757,0.0035);
#82=CYLINDRICAL_SURFACE('',#2758,0.0035);
#83=CYLINDRICAL_SURFACE('',#2759,0.0035);
#84=CYLINDRICAL_SURFACE('',#2760,0.00145);
#85=CYLINDRICAL_SURFACE('',#2761,0.00145);
#86=CYLINDRICAL_SURFACE('',#2762,0.00145);
#87=CYLINDRICAL_SURFACE('',#2763,0.00145);
#88=CYLINDRICAL_SURFACE('',#2816,0.0035);
#89=CYLINDRICAL_SURFACE('',#2817,0.0035);
#90=CYLINDRICAL_SURFACE('',#2818,0.0035);
#91=CYLINDRICAL_SURFACE('',#2819,0.0035);
#92=CYLINDRICAL_SURFACE('',#2820,0.00145);
#93=CYLINDRICAL_SURFACE('',#2821,0.00145);
#94=CYLINDRICAL_SURFACE('',#2822,0.00145);
#95=CYLINDRICAL_SURFACE('',#2823,0.00145);
#96=CIRCLE('',#2571,0.00085);
#97=CIRCLE('',#2572,0.002);
#98=CIRCLE('',#2573,0.00085);
#99=CIRCLE('',#2574,0.00075);
#100=CIRCLE('',#2575,0.00075);
#101=CIRCLE('',#2576,0.0005);
#102=CIRCLE('',#2577,0.0005);
#103=CIRCLE('',#2578,0.00085);
#104=CIRCLE('',#2579,0.002);
#105=CIRCLE('',#2580,0.00085);
#106=CIRCLE('',#2581,0.00075);
#107=CIRCLE('',#2582,0.00075);
#108=CIRCLE('',#2583,0.00085);
#109=CIRCLE('',#2584,0.002);
#110=CIRCLE('',#2585,0.00085);
#111=CIRCLE('',#2586,0.00075);
#112=CIRCLE('',#2587,0.00075);
#113=CIRCLE('',#2588,0.0005);
#114=CIRCLE('',#2589,0.0005);
#115=CIRCLE('',#2590,0.0005);
#116=CIRCLE('',#2591,0.0005);
#117=CIRCLE('',#2592,0.0005);
#118=CIRCLE('',#2593,0.0005);
#119=CIRCLE('',#2594,0.00085);
#120=CIRCLE('',#2595,0.002);
#121=CIRCLE('',#2596,0.00085);
#122=CIRCLE('',#2597,0.0005);
#123=CIRCLE('',#2598,0.0005);
#124=CIRCLE('',#2599,0.0005);
#125=CIRCLE('',#2600,0.0005);
#126=CIRCLE('',#2601,0.0005);
#127=CIRCLE('',#2602,0.0005);
#128=CIRCLE('',#2603,0.0005);
#129=CIRCLE('',#2604,0.0005);
#130=CIRCLE('',#2605,0.0005);
#131=CIRCLE('',#2606,0.0005);
#132=CIRCLE('',#2607,0.00075);
#133=CIRCLE('',#2608,0.00075);
#134=CIRCLE('',#2609,0.00085);
#135=CIRCLE('',#2610,0.002);
#136=CIRCLE('',#2611,0.00085);
#137=CIRCLE('',#2612,0.00075);
#138=CIRCLE('',#2613,0.00075);
#139=CIRCLE('',#2614,0.0005);
#140=CIRCLE('',#2615,0.0005);
#141=CIRCLE('',#2616,0.0005);
#142=CIRCLE('',#2617,0.00075);
#143=CIRCLE('',#2618,0.00075);
#144=CIRCLE('',#2619,0.0005);
#145=CIRCLE('',#2620,0.0005);
#146=CIRCLE('',#2621,0.00075);
#147=CIRCLE('',#2622,0.00075);
#148=CIRCLE('',#2624,0.00085);
#149=CIRCLE('',#2625,0.002);
#150=CIRCLE('',#2626,0.00085);
#151=CIRCLE('',#2627,0.00075);
#152=CIRCLE('',#2628,0.00075);
#153=CIRCLE('',#2629,0.0005);
#154=CIRCLE('',#2630,0.0005);
#155=CIRCLE('',#2631,0.00085);
#156=CIRCLE('',#2632,0.002);
#157=CIRCLE('',#2633,0.00085);
#158=CIRCLE('',#2634,0.00075);
#159=CIRCLE('',#2635,0.00075);
#160=CIRCLE('',#2636,0.00085);
#161=CIRCLE('',#2637,0.002);
#162=CIRCLE('',#2638,0.00085);
#163=CIRCLE('',#2639,0.00075);
#164=CIRCLE('',#2640,0.00075);
#165=CIRCLE('',#2641,0.0005);
#166=CIRCLE('',#2642,0.0005);
#167=CIRCLE('',#2643,0.0005);
#168=CIRCLE('',#2644,0.0005);
#169=CIRCLE('',#2645,0.0005);
#170=CIRCLE('',#2646,0.0005);
#171=CIRCLE('',#2647,0.00085);
#172=CIRCLE('',#2648,0.002);
#173=CIRCLE('',#2649,0.00085);
#174=CIRCLE('',#2650,0.0005);
#175=CIRCLE('',#2651,0.0005);
#176=CIRCLE('',#2652,0.0005);
#177=CIRCLE('',#2653,0.0005);
#178=CIRCLE('',#2654,0.0005);
#179=CIRCLE('',#2655,0.0005);
#180=CIRCLE('',#2656,0.0005);
#181=CIRCLE('',#2657,0.0005);
#182=CIRCLE('',#2658,0.0005);
#183=CIRCLE('',#2659,0.0005);
#184=CIRCLE('',#2660,0.00075);
#185=CIRCLE('',#2661,0.00075);
#186=CIRCLE('',#2662,0.00085);
#187=CIRCLE('',#2663,0.002);
#188=CIRCLE('',#2664,0.00085);
#189=CIRCLE('',#2665,0.00075);
#190=CIRCLE('',#2666,0.00075);
#191=CIRCLE('',#2667,0.0005);
#192=CIRCLE('',#2668,0.0005);
#193=CIRCLE('',#2669,0.0005);
#194=CIRCLE('',#2670,0.00075);
#195=CIRCLE('',#2671,0.00075);
#196=CIRCLE('',#2672,0.0005);
#197=CIRCLE('',#2673,0.0005);
#198=CIRCLE('',#2674,0.00075);
#199=CIRCLE('',#2675,0.00075);
#200=CIRCLE('',#2739,0.00145);
#201=CIRCLE('',#2740,0.00145);
#202=CIRCLE('',#2741,0.00145);
#203=CIRCLE('',#2742,0.00145);
#204=CIRCLE('',#2743,0.0035);
#205=CIRCLE('',#2744,0.0035);
#206=CIRCLE('',#2745,0.0035);
#207=CIRCLE('',#2746,0.0035);
#208=CIRCLE('',#2748,0.00145);
#209=CIRCLE('',#2749,0.00145);
#210=CIRCLE('',#2750,0.00145);
#211=CIRCLE('',#2751,0.00145);
#212=CIRCLE('',#2752,0.0035);
#213=CIRCLE('',#2753,0.0035);
#214=CIRCLE('',#2754,0.0035);
#215=CIRCLE('',#2755,0.0035);
#216=CIRCLE('',#2796,0.0035);
#217=CIRCLE('',#2797,0.0035);
#218=CIRCLE('',#2798,0.0035);
#219=CIRCLE('',#2799,0.0035);
#220=CIRCLE('',#2800,0.00145);
#221=CIRCLE('',#2801,0.00145);
#222=CIRCLE('',#2802,0.00145);
#223=CIRCLE('',#2803,0.00145);
#224=CIRCLE('',#2808,0.00145);
#225=CIRCLE('',#2809,0.00145);
#226=CIRCLE('',#2810,0.00145);
#227=CIRCLE('',#2811,0.00145);
#228=CIRCLE('',#2812,0.0035);
#229=CIRCLE('',#2813,0.0035);
#230=CIRCLE('',#2814,0.0035);
#231=CIRCLE('',#2815,0.0035);
#232=ORIENTED_EDGE('',*,*,#840,.T.);
#233=ORIENTED_EDGE('',*,*,#841,.T.);
#234=ORIENTED_EDGE('',*,*,#842,.F.);
#235=ORIENTED_EDGE('',*,*,#843,.F.);
#236=ORIENTED_EDGE('',*,*,#844,.T.);
#237=ORIENTED_EDGE('',*,*,#845,.T.);
#238=ORIENTED_EDGE('',*,*,#840,.F.);
#239=ORIENTED_EDGE('',*,*,#846,.F.);
#240=ORIENTED_EDGE('',*,*,#842,.T.);
#241=ORIENTED_EDGE('',*,*,#847,.T.);
#242=ORIENTED_EDGE('',*,*,#848,.F.);
#243=ORIENTED_EDGE('',*,*,#849,.F.);
#244=ORIENTED_EDGE('',*,*,#849,.T.);
#245=ORIENTED_EDGE('',*,*,#850,.T.);
#246=ORIENTED_EDGE('',*,*,#846,.T.);
#247=ORIENTED_EDGE('',*,*,#843,.T.);
#248=ORIENTED_EDGE('',*,*,#851,.F.);
#249=ORIENTED_EDGE('',*,*,#852,.F.);
#250=ORIENTED_EDGE('',*,*,#853,.F.);
#251=ORIENTED_EDGE('',*,*,#854,.F.);
#252=ORIENTED_EDGE('',*,*,#855,.F.);
#253=ORIENTED_EDGE('',*,*,#856,.F.);
#254=ORIENTED_EDGE('',*,*,#857,.F.);
#255=ORIENTED_EDGE('',*,*,#858,.F.);
#256=ORIENTED_EDGE('',*,*,#859,.F.);
#257=ORIENTED_EDGE('',*,*,#860,.F.);
#258=ORIENTED_EDGE('',*,*,#861,.F.);
#259=ORIENTED_EDGE('',*,*,#862,.F.);
#260=ORIENTED_EDGE('',*,*,#863,.F.);
#261=ORIENTED_EDGE('',*,*,#864,.F.);
#262=ORIENTED_EDGE('',*,*,#865,.F.);
#263=ORIENTED_EDGE('',*,*,#866,.F.);
#264=ORIENTED_EDGE('',*,*,#867,.F.);
#265=ORIENTED_EDGE('',*,*,#868,.F.);
#266=ORIENTED_EDGE('',*,*,#869,.F.);
#267=ORIENTED_EDGE('',*,*,#870,.F.);
#268=ORIENTED_EDGE('',*,*,#871,.F.);
#269=ORIENTED_EDGE('',*,*,#872,.F.);
#270=ORIENTED_EDGE('',*,*,#873,.F.);
#271=ORIENTED_EDGE('',*,*,#874,.F.);
#272=ORIENTED_EDGE('',*,*,#875,.F.);
#273=ORIENTED_EDGE('',*,*,#876,.F.);
#274=ORIENTED_EDGE('',*,*,#877,.F.);
#275=ORIENTED_EDGE('',*,*,#878,.F.);
#276=ORIENTED_EDGE('',*,*,#879,.F.);
#277=ORIENTED_EDGE('',*,*,#880,.F.);
#278=ORIENTED_EDGE('',*,*,#881,.F.);
#279=ORIENTED_EDGE('',*,*,#882,.F.);
#280=ORIENTED_EDGE('',*,*,#883,.F.);
#281=ORIENTED_EDGE('',*,*,#884,.F.);
#282=ORIENTED_EDGE('',*,*,#885,.F.);
#283=ORIENTED_EDGE('',*,*,#886,.F.);
#284=ORIENTED_EDGE('',*,*,#887,.F.);
#285=ORIENTED_EDGE('',*,*,#888,.F.);
#286=ORIENTED_EDGE('',*,*,#889,.F.);
#287=ORIENTED_EDGE('',*,*,#890,.F.);
#288=ORIENTED_EDGE('',*,*,#891,.F.);
#289=ORIENTED_EDGE('',*,*,#892,.F.);
#290=ORIENTED_EDGE('',*,*,#893,.F.);
#291=ORIENTED_EDGE('',*,*,#894,.F.);
#292=ORIENTED_EDGE('',*,*,#895,.F.);
#293=ORIENTED_EDGE('',*,*,#896,.F.);
#294=ORIENTED_EDGE('',*,*,#897,.F.);
#295=ORIENTED_EDGE('',*,*,#898,.F.);
#296=ORIENTED_EDGE('',*,*,#899,.F.);
#297=ORIENTED_EDGE('',*,*,#900,.F.);
#298=ORIENTED_EDGE('',*,*,#901,.F.);
#299=ORIENTED_EDGE('',*,*,#902,.F.);
#300=ORIENTED_EDGE('',*,*,#903,.F.);
#301=ORIENTED_EDGE('',*,*,#904,.F.);
#302=ORIENTED_EDGE('',*,*,#905,.F.);
#303=ORIENTED_EDGE('',*,*,#906,.F.);
#304=ORIENTED_EDGE('',*,*,#841,.F.);
#305=ORIENTED_EDGE('',*,*,#845,.F.);
#306=ORIENTED_EDGE('',*,*,#907,.F.);
#307=ORIENTED_EDGE('',*,*,#847,.F.);
#308=ORIENTED_EDGE('',*,*,#908,.T.);
#309=ORIENTED_EDGE('',*,*,#909,.T.);
#310=ORIENTED_EDGE('',*,*,#910,.T.);
#311=ORIENTED_EDGE('',*,*,#911,.T.);
#312=ORIENTED_EDGE('',*,*,#912,.T.);
#313=ORIENTED_EDGE('',*,*,#913,.T.);
#314=ORIENTED_EDGE('',*,*,#914,.T.);
#315=ORIENTED_EDGE('',*,*,#915,.T.);
#316=ORIENTED_EDGE('',*,*,#916,.T.);
#317=ORIENTED_EDGE('',*,*,#917,.T.);
#318=ORIENTED_EDGE('',*,*,#918,.T.);
#319=ORIENTED_EDGE('',*,*,#919,.T.);
#320=ORIENTED_EDGE('',*,*,#920,.T.);
#321=ORIENTED_EDGE('',*,*,#921,.T.);
#322=ORIENTED_EDGE('',*,*,#922,.T.);
#323=ORIENTED_EDGE('',*,*,#923,.T.);
#324=ORIENTED_EDGE('',*,*,#924,.T.);
#325=ORIENTED_EDGE('',*,*,#925,.T.);
#326=ORIENTED_EDGE('',*,*,#926,.T.);
#327=ORIENTED_EDGE('',*,*,#927,.T.);
#328=ORIENTED_EDGE('',*,*,#928,.T.);
#329=ORIENTED_EDGE('',*,*,#929,.T.);
#330=ORIENTED_EDGE('',*,*,#930,.T.);
#331=ORIENTED_EDGE('',*,*,#931,.T.);
#332=ORIENTED_EDGE('',*,*,#932,.T.);
#333=ORIENTED_EDGE('',*,*,#933,.T.);
#334=ORIENTED_EDGE('',*,*,#934,.T.);
#335=ORIENTED_EDGE('',*,*,#935,.T.);
#336=ORIENTED_EDGE('',*,*,#936,.T.);
#337=ORIENTED_EDGE('',*,*,#937,.T.);
#338=ORIENTED_EDGE('',*,*,#938,.T.);
#339=ORIENTED_EDGE('',*,*,#939,.T.);
#340=ORIENTED_EDGE('',*,*,#940,.T.);
#341=ORIENTED_EDGE('',*,*,#941,.T.);
#342=ORIENTED_EDGE('',*,*,#942,.T.);
#343=ORIENTED_EDGE('',*,*,#943,.T.);
#344=ORIENTED_EDGE('',*,*,#944,.T.);
#345=ORIENTED_EDGE('',*,*,#945,.T.);
#346=ORIENTED_EDGE('',*,*,#946,.T.);
#347=ORIENTED_EDGE('',*,*,#947,.T.);
#348=ORIENTED_EDGE('',*,*,#948,.T.);
#349=ORIENTED_EDGE('',*,*,#949,.T.);
#350=ORIENTED_EDGE('',*,*,#950,.T.);
#351=ORIENTED_EDGE('',*,*,#951,.T.);
#352=ORIENTED_EDGE('',*,*,#952,.T.);
#353=ORIENTED_EDGE('',*,*,#953,.T.);
#354=ORIENTED_EDGE('',*,*,#954,.T.);
#355=ORIENTED_EDGE('',*,*,#955,.T.);
#356=ORIENTED_EDGE('',*,*,#956,.T.);
#357=ORIENTED_EDGE('',*,*,#957,.T.);
#358=ORIENTED_EDGE('',*,*,#958,.T.);
#359=ORIENTED_EDGE('',*,*,#959,.T.);
#360=ORIENTED_EDGE('',*,*,#960,.T.);
#361=ORIENTED_EDGE('',*,*,#961,.T.);
#362=ORIENTED_EDGE('',*,*,#962,.T.);
#363=ORIENTED_EDGE('',*,*,#963,.T.);
#364=ORIENTED_EDGE('',*,*,#848,.T.);
#365=ORIENTED_EDGE('',*,*,#907,.T.);
#366=ORIENTED_EDGE('',*,*,#844,.F.);
#367=ORIENTED_EDGE('',*,*,#850,.F.);
#368=ORIENTED_EDGE('',*,*,#908,.F.);
#369=ORIENTED_EDGE('',*,*,#851,.T.);
#370=ORIENTED_EDGE('',*,*,#909,.F.);
#371=ORIENTED_EDGE('',*,*,#852,.T.);
#372=ORIENTED_EDGE('',*,*,#910,.F.);
#373=ORIENTED_EDGE('',*,*,#853,.T.);
#374=ORIENTED_EDGE('',*,*,#911,.F.);
#375=ORIENTED_EDGE('',*,*,#854,.T.);
#376=ORIENTED_EDGE('',*,*,#912,.F.);
#377=ORIENTED_EDGE('',*,*,#855,.T.);
#378=ORIENTED_EDGE('',*,*,#913,.F.);
#379=ORIENTED_EDGE('',*,*,#856,.T.);
#380=ORIENTED_EDGE('',*,*,#914,.F.);
#381=ORIENTED_EDGE('',*,*,#857,.T.);
#382=ORIENTED_EDGE('',*,*,#915,.F.);
#383=ORIENTED_EDGE('',*,*,#858,.T.);
#384=ORIENTED_EDGE('',*,*,#916,.F.);
#385=ORIENTED_EDGE('',*,*,#859,.T.);
#386=ORIENTED_EDGE('',*,*,#917,.F.);
#387=ORIENTED_EDGE('',*,*,#860,.T.);
#388=ORIENTED_EDGE('',*,*,#918,.F.);
#389=ORIENTED_EDGE('',*,*,#861,.T.);
#390=ORIENTED_EDGE('',*,*,#919,.F.);
#391=ORIENTED_EDGE('',*,*,#862,.T.);
#392=ORIENTED_EDGE('',*,*,#920,.F.);
#393=ORIENTED_EDGE('',*,*,#863,.T.);
#394=ORIENTED_EDGE('',*,*,#921,.F.);
#395=ORIENTED_EDGE('',*,*,#864,.T.);
#396=ORIENTED_EDGE('',*,*,#922,.F.);
#397=ORIENTED_EDGE('',*,*,#865,.T.);
#398=ORIENTED_EDGE('',*,*,#923,.F.);
#399=ORIENTED_EDGE('',*,*,#866,.T.);
#400=ORIENTED_EDGE('',*,*,#924,.F.);
#401=ORIENTED_EDGE('',*,*,#867,.T.);
#402=ORIENTED_EDGE('',*,*,#925,.F.);
#403=ORIENTED_EDGE('',*,*,#868,.T.);
#404=ORIENTED_EDGE('',*,*,#926,.F.);
#405=ORIENTED_EDGE('',*,*,#869,.T.);
#406=ORIENTED_EDGE('',*,*,#927,.F.);
#407=ORIENTED_EDGE('',*,*,#870,.T.);
#408=ORIENTED_EDGE('',*,*,#928,.F.);
#409=ORIENTED_EDGE('',*,*,#871,.T.);
#410=ORIENTED_EDGE('',*,*,#929,.F.);
#411=ORIENTED_EDGE('',*,*,#872,.T.);
#412=ORIENTED_EDGE('',*,*,#930,.F.);
#413=ORIENTED_EDGE('',*,*,#873,.T.);
#414=ORIENTED_EDGE('',*,*,#931,.F.);
#415=ORIENTED_EDGE('',*,*,#874,.T.);
#416=ORIENTED_EDGE('',*,*,#932,.F.);
#417=ORIENTED_EDGE('',*,*,#875,.T.);
#418=ORIENTED_EDGE('',*,*,#933,.F.);
#419=ORIENTED_EDGE('',*,*,#876,.T.);
#420=ORIENTED_EDGE('',*,*,#934,.F.);
#421=ORIENTED_EDGE('',*,*,#877,.T.);
#422=ORIENTED_EDGE('',*,*,#935,.F.);
#423=ORIENTED_EDGE('',*,*,#878,.T.);
#424=ORIENTED_EDGE('',*,*,#936,.F.);
#425=ORIENTED_EDGE('',*,*,#879,.T.);
#426=ORIENTED_EDGE('',*,*,#937,.F.);
#427=ORIENTED_EDGE('',*,*,#880,.T.);
#428=ORIENTED_EDGE('',*,*,#938,.F.);
#429=ORIENTED_EDGE('',*,*,#881,.T.);
#430=ORIENTED_EDGE('',*,*,#939,.F.);
#431=ORIENTED_EDGE('',*,*,#882,.T.);
#432=ORIENTED_EDGE('',*,*,#940,.F.);
#433=ORIENTED_EDGE('',*,*,#883,.T.);
#434=ORIENTED_EDGE('',*,*,#941,.F.);
#435=ORIENTED_EDGE('',*,*,#884,.T.);
#436=ORIENTED_EDGE('',*,*,#942,.F.);
#437=ORIENTED_EDGE('',*,*,#885,.T.);
#438=ORIENTED_EDGE('',*,*,#943,.F.);
#439=ORIENTED_EDGE('',*,*,#886,.T.);
#440=ORIENTED_EDGE('',*,*,#944,.F.);
#441=ORIENTED_EDGE('',*,*,#887,.T.);
#442=ORIENTED_EDGE('',*,*,#945,.F.);
#443=ORIENTED_EDGE('',*,*,#888,.T.);
#444=ORIENTED_EDGE('',*,*,#946,.F.);
#445=ORIENTED_EDGE('',*,*,#889,.T.);
#446=ORIENTED_EDGE('',*,*,#947,.F.);
#447=ORIENTED_EDGE('',*,*,#890,.T.);
#448=ORIENTED_EDGE('',*,*,#948,.F.);
#449=ORIENTED_EDGE('',*,*,#891,.T.);
#450=ORIENTED_EDGE('',*,*,#895,.T.);
#451=ORIENTED_EDGE('',*,*,#964,.T.);
#452=ORIENTED_EDGE('',*,*,#949,.F.);
#453=ORIENTED_EDGE('',*,*,#965,.F.);
#454=ORIENTED_EDGE('',*,*,#892,.T.);
#455=ORIENTED_EDGE('',*,*,#965,.T.);
#456=ORIENTED_EDGE('',*,*,#952,.F.);
#457=ORIENTED_EDGE('',*,*,#966,.F.);
#458=ORIENTED_EDGE('',*,*,#893,.T.);
#459=ORIENTED_EDGE('',*,*,#966,.T.);
#460=ORIENTED_EDGE('',*,*,#951,.F.);
#461=ORIENTED_EDGE('',*,*,#967,.F.);
#462=ORIENTED_EDGE('',*,*,#894,.T.);
#463=ORIENTED_EDGE('',*,*,#967,.T.);
#464=ORIENTED_EDGE('',*,*,#950,.F.);
#465=ORIENTED_EDGE('',*,*,#964,.F.);
#466=ORIENTED_EDGE('',*,*,#953,.F.);
#467=ORIENTED_EDGE('',*,*,#896,.T.);
#468=ORIENTED_EDGE('',*,*,#954,.F.);
#469=ORIENTED_EDGE('',*,*,#897,.T.);
#470=ORIENTED_EDGE('',*,*,#955,.F.);
#471=ORIENTED_EDGE('',*,*,#898,.T.);
#472=ORIENTED_EDGE('',*,*,#956,.F.);
#473=ORIENTED_EDGE('',*,*,#899,.T.);
#474=ORIENTED_EDGE('',*,*,#957,.F.);
#475=ORIENTED_EDGE('',*,*,#900,.T.);
#476=ORIENTED_EDGE('',*,*,#958,.F.);
#477=ORIENTED_EDGE('',*,*,#901,.T.);
#478=ORIENTED_EDGE('',*,*,#959,.F.);
#479=ORIENTED_EDGE('',*,*,#902,.T.);
#480=ORIENTED_EDGE('',*,*,#906,.T.);
#481=ORIENTED_EDGE('',*,*,#968,.T.);
#482=ORIENTED_EDGE('',*,*,#960,.F.);
#483=ORIENTED_EDGE('',*,*,#969,.F.);
#484=ORIENTED_EDGE('',*,*,#903,.T.);
#485=ORIENTED_EDGE('',*,*,#969,.T.);
#486=ORIENTED_EDGE('',*,*,#963,.F.);
#487=ORIENTED_EDGE('',*,*,#970,.F.);
#488=ORIENTED_EDGE('',*,*,#904,.T.);
#489=ORIENTED_EDGE('',*,*,#970,.T.);
#490=ORIENTED_EDGE('',*,*,#962,.F.);
#491=ORIENTED_EDGE('',*,*,#971,.F.);
#492=ORIENTED_EDGE('',*,*,#905,.T.);
#493=ORIENTED_EDGE('',*,*,#971,.T.);
#494=ORIENTED_EDGE('',*,*,#961,.F.);
#495=ORIENTED_EDGE('',*,*,#968,.F.);
#496=ORIENTED_EDGE('',*,*,#972,.F.);
#497=ORIENTED_EDGE('',*,*,#973,.T.);
#498=ORIENTED_EDGE('',*,*,#974,.T.);
#499=ORIENTED_EDGE('',*,*,#975,.T.);
#500=ORIENTED_EDGE('',*,*,#976,.T.);
#501=ORIENTED_EDGE('',*,*,#977,.T.);
#502=ORIENTED_EDGE('',*,*,#978,.F.);
#503=ORIENTED_EDGE('',*,*,#979,.T.);
#504=ORIENTED_EDGE('',*,*,#980,.F.);
#505=ORIENTED_EDGE('',*,*,#981,.T.);
#506=ORIENTED_EDGE('',*,*,#982,.T.);
#507=ORIENTED_EDGE('',*,*,#983,.T.);
#508=ORIENTED_EDGE('',*,*,#984,.F.);
#509=ORIENTED_EDGE('',*,*,#985,.T.);
#510=ORIENTED_EDGE('',*,*,#986,.T.);
#511=ORIENTED_EDGE('',*,*,#987,.T.);
#512=ORIENTED_EDGE('',*,*,#988,.F.);
#513=ORIENTED_EDGE('',*,*,#989,.F.);
#514=ORIENTED_EDGE('',*,*,#990,.T.);
#515=ORIENTED_EDGE('',*,*,#991,.T.);
#516=ORIENTED_EDGE('',*,*,#992,.F.);
#517=ORIENTED_EDGE('',*,*,#993,.F.);
#518=ORIENTED_EDGE('',*,*,#994,.T.);
#519=ORIENTED_EDGE('',*,*,#995,.T.);
#520=ORIENTED_EDGE('',*,*,#996,.F.);
#521=ORIENTED_EDGE('',*,*,#997,.F.);
#522=ORIENTED_EDGE('',*,*,#998,.T.);
#523=ORIENTED_EDGE('',*,*,#999,.T.);
#524=ORIENTED_EDGE('',*,*,#1000,.F.);
#525=ORIENTED_EDGE('',*,*,#1001,.F.);
#526=ORIENTED_EDGE('',*,*,#1002,.T.);
#527=ORIENTED_EDGE('',*,*,#1003,.T.);
#528=ORIENTED_EDGE('',*,*,#1004,.F.);
#529=ORIENTED_EDGE('',*,*,#1005,.F.);
#530=ORIENTED_EDGE('',*,*,#1006,.T.);
#531=ORIENTED_EDGE('',*,*,#1007,.T.);
#532=ORIENTED_EDGE('',*,*,#1008,.F.);
#533=ORIENTED_EDGE('',*,*,#1009,.F.);
#534=ORIENTED_EDGE('',*,*,#1010,.T.);
#535=ORIENTED_EDGE('',*,*,#1011,.T.);
#536=ORIENTED_EDGE('',*,*,#1012,.F.);
#537=ORIENTED_EDGE('',*,*,#1013,.F.);
#538=ORIENTED_EDGE('',*,*,#1014,.T.);
#539=ORIENTED_EDGE('',*,*,#1015,.T.);
#540=ORIENTED_EDGE('',*,*,#1016,.T.);
#541=ORIENTED_EDGE('',*,*,#1017,.T.);
#542=ORIENTED_EDGE('',*,*,#1018,.T.);
#543=ORIENTED_EDGE('',*,*,#1019,.T.);
#544=ORIENTED_EDGE('',*,*,#978,.T.);
#545=ORIENTED_EDGE('',*,*,#1020,.T.);
#546=ORIENTED_EDGE('',*,*,#980,.T.);
#547=ORIENTED_EDGE('',*,*,#1021,.T.);
#548=ORIENTED_EDGE('',*,*,#986,.F.);
#549=ORIENTED_EDGE('',*,*,#1022,.T.);
#550=ORIENTED_EDGE('',*,*,#974,.F.);
#551=ORIENTED_EDGE('',*,*,#1023,.T.);
#552=ORIENTED_EDGE('',*,*,#1024,.T.);
#553=ORIENTED_EDGE('',*,*,#1025,.T.);
#554=ORIENTED_EDGE('',*,*,#1026,.F.);
#555=ORIENTED_EDGE('',*,*,#1027,.F.);
#556=ORIENTED_EDGE('',*,*,#1028,.T.);
#557=ORIENTED_EDGE('',*,*,#1029,.T.);
#558=ORIENTED_EDGE('',*,*,#1030,.F.);
#559=ORIENTED_EDGE('',*,*,#1031,.F.);
#560=ORIENTED_EDGE('',*,*,#1032,.T.);
#561=ORIENTED_EDGE('',*,*,#1033,.T.);
#562=ORIENTED_EDGE('',*,*,#1034,.F.);
#563=ORIENTED_EDGE('',*,*,#1035,.F.);
#564=ORIENTED_EDGE('',*,*,#1036,.T.);
#565=ORIENTED_EDGE('',*,*,#1037,.T.);
#566=ORIENTED_EDGE('',*,*,#1038,.F.);
#567=ORIENTED_EDGE('',*,*,#1039,.F.);
#568=ORIENTED_EDGE('',*,*,#1040,.T.);
#569=ORIENTED_EDGE('',*,*,#1041,.T.);
#570=ORIENTED_EDGE('',*,*,#1042,.F.);
#571=ORIENTED_EDGE('',*,*,#1043,.F.);
#572=ORIENTED_EDGE('',*,*,#1044,.T.);
#573=ORIENTED_EDGE('',*,*,#1045,.T.);
#574=ORIENTED_EDGE('',*,*,#1046,.F.);
#575=ORIENTED_EDGE('',*,*,#1047,.F.);
#576=ORIENTED_EDGE('',*,*,#1048,.T.);
#577=ORIENTED_EDGE('',*,*,#1049,.T.);
#578=ORIENTED_EDGE('',*,*,#1050,.F.);
#579=ORIENTED_EDGE('',*,*,#1051,.F.);
#580=ORIENTED_EDGE('',*,*,#1052,.F.);
#581=ORIENTED_EDGE('',*,*,#1053,.F.);
#582=ORIENTED_EDGE('',*,*,#1054,.F.);
#583=ORIENTED_EDGE('',*,*,#1055,.F.);
#584=ORIENTED_EDGE('',*,*,#982,.F.);
#585=ORIENTED_EDGE('',*,*,#1056,.T.);
#586=ORIENTED_EDGE('',*,*,#976,.F.);
#587=ORIENTED_EDGE('',*,*,#1057,.T.);
#588=ORIENTED_EDGE('',*,*,#972,.T.);
#589=ORIENTED_EDGE('',*,*,#1058,.T.);
#590=ORIENTED_EDGE('',*,*,#984,.T.);
#591=ORIENTED_EDGE('',*,*,#1059,.T.);
#592=ORIENTED_EDGE('',*,*,#1020,.F.);
#593=ORIENTED_EDGE('',*,*,#977,.F.);
#594=ORIENTED_EDGE('',*,*,#1056,.F.);
#595=ORIENTED_EDGE('',*,*,#981,.F.);
#596=ORIENTED_EDGE('',*,*,#1023,.F.);
#597=ORIENTED_EDGE('',*,*,#973,.F.);
#598=ORIENTED_EDGE('',*,*,#1057,.F.);
#599=ORIENTED_EDGE('',*,*,#979,.F.);
#600=ORIENTED_EDGE('',*,*,#1022,.F.);
#601=ORIENTED_EDGE('',*,*,#985,.F.);
#602=ORIENTED_EDGE('',*,*,#1058,.F.);
#603=ORIENTED_EDGE('',*,*,#975,.F.);
#604=ORIENTED_EDGE('',*,*,#1021,.F.);
#605=ORIENTED_EDGE('',*,*,#983,.F.);
#606=ORIENTED_EDGE('',*,*,#1059,.F.);
#607=ORIENTED_EDGE('',*,*,#987,.F.);
#608=ORIENTED_EDGE('',*,*,#1019,.F.);
#609=ORIENTED_EDGE('',*,*,#1055,.T.);
#610=ORIENTED_EDGE('',*,*,#1018,.F.);
#611=ORIENTED_EDGE('',*,*,#1054,.T.);
#612=ORIENTED_EDGE('',*,*,#1017,.F.);
#613=ORIENTED_EDGE('',*,*,#1053,.T.);
#614=ORIENTED_EDGE('',*,*,#1016,.F.);
#615=ORIENTED_EDGE('',*,*,#1052,.T.);
#616=ORIENTED_EDGE('',*,*,#1012,.T.);
#617=ORIENTED_EDGE('',*,*,#1060,.T.);
#618=ORIENTED_EDGE('',*,*,#1049,.F.);
#619=ORIENTED_EDGE('',*,*,#1061,.F.);
#620=ORIENTED_EDGE('',*,*,#1062,.T.);
#621=ORIENTED_EDGE('',*,*,#1050,.T.);
#622=ORIENTED_EDGE('',*,*,#1060,.F.);
#623=ORIENTED_EDGE('',*,*,#1015,.F.);
#624=ORIENTED_EDGE('',*,*,#1063,.T.);
#625=ORIENTED_EDGE('',*,*,#1051,.T.);
#626=ORIENTED_EDGE('',*,*,#1062,.F.);
#627=ORIENTED_EDGE('',*,*,#1014,.F.);
#628=ORIENTED_EDGE('',*,*,#1013,.T.);
#629=ORIENTED_EDGE('',*,*,#1061,.T.);
#630=ORIENTED_EDGE('',*,*,#1048,.F.);
#631=ORIENTED_EDGE('',*,*,#1063,.F.);
#632=ORIENTED_EDGE('',*,*,#1008,.T.);
#633=ORIENTED_EDGE('',*,*,#1064,.T.);
#634=ORIENTED_EDGE('',*,*,#1045,.F.);
#635=ORIENTED_EDGE('',*,*,#1065,.F.);
#636=ORIENTED_EDGE('',*,*,#1066,.T.);
#637=ORIENTED_EDGE('',*,*,#1046,.T.);
#638=ORIENTED_EDGE('',*,*,#1064,.F.);
#639=ORIENTED_EDGE('',*,*,#1011,.F.);
#640=ORIENTED_EDGE('',*,*,#1067,.T.);
#641=ORIENTED_EDGE('',*,*,#1047,.T.);
#642=ORIENTED_EDGE('',*,*,#1066,.F.);
#643=ORIENTED_EDGE('',*,*,#1010,.F.);
#644=ORIENTED_EDGE('',*,*,#1009,.T.);
#645=ORIENTED_EDGE('',*,*,#1065,.T.);
#646=ORIENTED_EDGE('',*,*,#1044,.F.);
#647=ORIENTED_EDGE('',*,*,#1067,.F.);
#648=ORIENTED_EDGE('',*,*,#1004,.T.);
#649=ORIENTED_EDGE('',*,*,#1068,.T.);
#650=ORIENTED_EDGE('',*,*,#1041,.F.);
#651=ORIENTED_EDGE('',*,*,#1069,.F.);
#652=ORIENTED_EDGE('',*,*,#1070,.T.);
#653=ORIENTED_EDGE('',*,*,#1042,.T.);
#654=ORIENTED_EDGE('',*,*,#1068,.F.);
#655=ORIENTED_EDGE('',*,*,#1007,.F.);
#656=ORIENTED_EDGE('',*,*,#1071,.T.);
#657=ORIENTED_EDGE('',*,*,#1043,.T.);
#658=ORIENTED_EDGE('',*,*,#1070,.F.);
#659=ORIENTED_EDGE('',*,*,#1006,.F.);
#660=ORIENTED_EDGE('',*,*,#1005,.T.);
#661=ORIENTED_EDGE('',*,*,#1069,.T.);
#662=ORIENTED_EDGE('',*,*,#1040,.F.);
#663=ORIENTED_EDGE('',*,*,#1071,.F.);
#664=ORIENTED_EDGE('',*,*,#1000,.T.);
#665=ORIENTED_EDGE('',*,*,#1072,.T.);
#666=ORIENTED_EDGE('',*,*,#1037,.F.);
#667=ORIENTED_EDGE('',*,*,#1073,.F.);
#668=ORIENTED_EDGE('',*,*,#1074,.T.);
#669=ORIENTED_EDGE('',*,*,#1038,.T.);
#670=ORIENTED_EDGE('',*,*,#1072,.F.);
#671=ORIENTED_EDGE('',*,*,#1003,.F.);
#672=ORIENTED_EDGE('',*,*,#1075,.T.);
#673=ORIENTED_EDGE('',*,*,#1039,.T.);
#674=ORIENTED_EDGE('',*,*,#1074,.F.);
#675=ORIENTED_EDGE('',*,*,#1002,.F.);
#676=ORIENTED_EDGE('',*,*,#1001,.T.);
#677=ORIENTED_EDGE('',*,*,#1073,.T.);
#678=ORIENTED_EDGE('',*,*,#1036,.F.);
#679=ORIENTED_EDGE('',*,*,#1075,.F.);
#680=ORIENTED_EDGE('',*,*,#996,.T.);
#681=ORIENTED_EDGE('',*,*,#1076,.T.);
#682=ORIENTED_EDGE('',*,*,#1033,.F.);
#683=ORIENTED_EDGE('',*,*,#1077,.F.);
#684=ORIENTED_EDGE('',*,*,#1078,.T.);
#685=ORIENTED_EDGE('',*,*,#1034,.T.);
#686=ORIENTED_EDGE('',*,*,#1076,.F.);
#687=ORIENTED_EDGE('',*,*,#999,.F.);
#688=ORIENTED_EDGE('',*,*,#1079,.T.);
#689=ORIENTED_EDGE('',*,*,#1035,.T.);
#690=ORIENTED_EDGE('',*,*,#1078,.F.);
#691=ORIENTED_EDGE('',*,*,#998,.F.);
#692=ORIENTED_EDGE('',*,*,#997,.T.);
#693=ORIENTED_EDGE('',*,*,#1077,.T.);
#694=ORIENTED_EDGE('',*,*,#1032,.F.);
#695=ORIENTED_EDGE('',*,*,#1079,.F.);
#696=ORIENTED_EDGE('',*,*,#992,.T.);
#697=ORIENTED_EDGE('',*,*,#1080,.T.);
#698=ORIENTED_EDGE('',*,*,#1029,.F.);
#699=ORIENTED_EDGE('',*,*,#1081,.F.);
#700=ORIENTED_EDGE('',*,*,#1082,.T.);
#701=ORIENTED_EDGE('',*,*,#1030,.T.);
#702=ORIENTED_EDGE('',*,*,#1080,.F.);
#703=ORIENTED_EDGE('',*,*,#995,.F.);
#704=ORIENTED_EDGE('',*,*,#1083,.T.);
#705=ORIENTED_EDGE('',*,*,#1031,.T.);
#706=ORIENTED_EDGE('',*,*,#1082,.F.);
#707=ORIENTED_EDGE('',*,*,#994,.F.);
#708=ORIENTED_EDGE('',*,*,#993,.T.);
#709=ORIENTED_EDGE('',*,*,#1081,.T.);
#710=ORIENTED_EDGE('',*,*,#1028,.F.);
#711=ORIENTED_EDGE('',*,*,#1083,.F.);
#712=ORIENTED_EDGE('',*,*,#988,.T.);
#713=ORIENTED_EDGE('',*,*,#1084,.T.);
#714=ORIENTED_EDGE('',*,*,#1025,.F.);
#715=ORIENTED_EDGE('',*,*,#1085,.F.);
#716=ORIENTED_EDGE('',*,*,#1086,.T.);
#717=ORIENTED_EDGE('',*,*,#1026,.T.);
#718=ORIENTED_EDGE('',*,*,#1084,.F.);
#719=ORIENTED_EDGE('',*,*,#991,.F.);
#720=ORIENTED_EDGE('',*,*,#1087,.T.);
#721=ORIENTED_EDGE('',*,*,#1027,.T.);
#722=ORIENTED_EDGE('',*,*,#1086,.F.);
#723=ORIENTED_EDGE('',*,*,#990,.F.);
#724=ORIENTED_EDGE('',*,*,#989,.T.);
#725=ORIENTED_EDGE('',*,*,#1085,.T.);
#726=ORIENTED_EDGE('',*,*,#1024,.F.);
#727=ORIENTED_EDGE('',*,*,#1087,.F.);
#728=ORIENTED_EDGE('',*,*,#1088,.T.);
#729=ORIENTED_EDGE('',*,*,#1089,.T.);
#730=ORIENTED_EDGE('',*,*,#1090,.T.);
#731=ORIENTED_EDGE('',*,*,#1091,.T.);
#732=ORIENTED_EDGE('',*,*,#1092,.F.);
#733=ORIENTED_EDGE('',*,*,#1093,.T.);
#734=ORIENTED_EDGE('',*,*,#1094,.T.);
#735=ORIENTED_EDGE('',*,*,#1095,.F.);
#736=ORIENTED_EDGE('',*,*,#1096,.F.);
#737=ORIENTED_EDGE('',*,*,#1097,.T.);
#738=ORIENTED_EDGE('',*,*,#1098,.T.);
#739=ORIENTED_EDGE('',*,*,#1099,.T.);
#740=ORIENTED_EDGE('',*,*,#1100,.F.);
#741=ORIENTED_EDGE('',*,*,#1096,.T.);
#742=ORIENTED_EDGE('',*,*,#1101,.T.);
#743=ORIENTED_EDGE('',*,*,#1102,.F.);
#744=ORIENTED_EDGE('',*,*,#1103,.F.);
#745=ORIENTED_EDGE('',*,*,#1104,.T.);
#746=ORIENTED_EDGE('',*,*,#1105,.T.);
#747=ORIENTED_EDGE('',*,*,#1094,.F.);
#748=ORIENTED_EDGE('',*,*,#1106,.T.);
#749=ORIENTED_EDGE('',*,*,#1107,.T.);
#750=ORIENTED_EDGE('',*,*,#1108,.T.);
#751=ORIENTED_EDGE('',*,*,#1109,.T.);
#752=ORIENTED_EDGE('',*,*,#1110,.T.);
#753=ORIENTED_EDGE('',*,*,#1111,.F.);
#754=ORIENTED_EDGE('',*,*,#1112,.T.);
#755=ORIENTED_EDGE('',*,*,#1090,.F.);
#756=ORIENTED_EDGE('',*,*,#1113,.T.);
#757=ORIENTED_EDGE('',*,*,#1114,.T.);
#758=ORIENTED_EDGE('',*,*,#1115,.T.);
#759=ORIENTED_EDGE('',*,*,#1116,.T.);
#760=ORIENTED_EDGE('',*,*,#1107,.F.);
#761=ORIENTED_EDGE('',*,*,#1117,.T.);
#762=ORIENTED_EDGE('',*,*,#1118,.T.);
#763=ORIENTED_EDGE('',*,*,#1119,.T.);
#764=ORIENTED_EDGE('',*,*,#1109,.F.);
#765=ORIENTED_EDGE('',*,*,#1120,.T.);
#766=ORIENTED_EDGE('',*,*,#1121,.T.);
#767=ORIENTED_EDGE('',*,*,#1122,.T.);
#768=ORIENTED_EDGE('',*,*,#1111,.T.);
#769=ORIENTED_EDGE('',*,*,#1123,.T.);
#770=ORIENTED_EDGE('',*,*,#1124,.F.);
#771=ORIENTED_EDGE('',*,*,#1125,.T.);
#772=ORIENTED_EDGE('',*,*,#1126,.T.);
#773=ORIENTED_EDGE('',*,*,#1127,.F.);
#774=ORIENTED_EDGE('',*,*,#1128,.F.);
#775=ORIENTED_EDGE('',*,*,#1129,.F.);
#776=ORIENTED_EDGE('',*,*,#1118,.F.);
#777=ORIENTED_EDGE('',*,*,#1130,.T.);
#778=ORIENTED_EDGE('',*,*,#1092,.T.);
#779=ORIENTED_EDGE('',*,*,#1131,.T.);
#780=ORIENTED_EDGE('',*,*,#1124,.T.);
#781=ORIENTED_EDGE('',*,*,#1132,.T.);
#782=ORIENTED_EDGE('',*,*,#1121,.F.);
#783=ORIENTED_EDGE('',*,*,#1133,.T.);
#784=ORIENTED_EDGE('',*,*,#1106,.F.);
#785=ORIENTED_EDGE('',*,*,#1093,.F.);
#786=ORIENTED_EDGE('',*,*,#1130,.F.);
#787=ORIENTED_EDGE('',*,*,#1117,.F.);
#788=ORIENTED_EDGE('',*,*,#1108,.F.);
#789=ORIENTED_EDGE('',*,*,#1119,.F.);
#790=ORIENTED_EDGE('',*,*,#1133,.F.);
#791=ORIENTED_EDGE('',*,*,#1120,.F.);
#792=ORIENTED_EDGE('',*,*,#1110,.F.);
#793=ORIENTED_EDGE('',*,*,#1122,.F.);
#794=ORIENTED_EDGE('',*,*,#1132,.F.);
#795=ORIENTED_EDGE('',*,*,#1123,.F.);
#796=ORIENTED_EDGE('',*,*,#1112,.F.);
#797=ORIENTED_EDGE('',*,*,#1125,.F.);
#798=ORIENTED_EDGE('',*,*,#1131,.F.);
#799=ORIENTED_EDGE('',*,*,#1091,.F.);
#800=ORIENTED_EDGE('',*,*,#1116,.F.);
#801=ORIENTED_EDGE('',*,*,#1129,.T.);
#802=ORIENTED_EDGE('',*,*,#1115,.F.);
#803=ORIENTED_EDGE('',*,*,#1128,.T.);
#804=ORIENTED_EDGE('',*,*,#1114,.F.);
#805=ORIENTED_EDGE('',*,*,#1127,.T.);
#806=ORIENTED_EDGE('',*,*,#1113,.F.);
#807=ORIENTED_EDGE('',*,*,#1126,.F.);
#808=ORIENTED_EDGE('',*,*,#1134,.F.);
#809=ORIENTED_EDGE('',*,*,#1104,.F.);
#810=ORIENTED_EDGE('',*,*,#1135,.F.);
#811=ORIENTED_EDGE('',*,*,#1136,.T.);
#812=ORIENTED_EDGE('',*,*,#1103,.T.);
#813=ORIENTED_EDGE('',*,*,#1137,.F.);
#814=ORIENTED_EDGE('',*,*,#1138,.F.);
#815=ORIENTED_EDGE('',*,*,#1135,.T.);
#816=ORIENTED_EDGE('',*,*,#1102,.T.);
#817=ORIENTED_EDGE('',*,*,#1139,.F.);
#818=ORIENTED_EDGE('',*,*,#1140,.F.);
#819=ORIENTED_EDGE('',*,*,#1137,.T.);
#820=ORIENTED_EDGE('',*,*,#1101,.F.);
#821=ORIENTED_EDGE('',*,*,#1099,.F.);
#822=ORIENTED_EDGE('',*,*,#1141,.T.);
#823=ORIENTED_EDGE('',*,*,#1139,.T.);
#824=ORIENTED_EDGE('',*,*,#1098,.F.);
#825=ORIENTED_EDGE('',*,*,#1142,.T.);
#826=ORIENTED_EDGE('',*,*,#1088,.F.);
#827=ORIENTED_EDGE('',*,*,#1143,.F.);
#828=ORIENTED_EDGE('',*,*,#1136,.F.);
#829=ORIENTED_EDGE('',*,*,#1138,.T.);
#830=ORIENTED_EDGE('',*,*,#1140,.T.);
#831=ORIENTED_EDGE('',*,*,#1141,.F.);
#832=ORIENTED_EDGE('',*,*,#1142,.F.);
#833=ORIENTED_EDGE('',*,*,#1097,.F.);
#834=ORIENTED_EDGE('',*,*,#1100,.T.);
#835=ORIENTED_EDGE('',*,*,#1089,.F.);
#836=ORIENTED_EDGE('',*,*,#1095,.T.);
#837=ORIENTED_EDGE('',*,*,#1105,.F.);
#838=ORIENTED_EDGE('',*,*,#1134,.T.);
#839=ORIENTED_EDGE('',*,*,#1143,.T.);
#840=EDGE_CURVE('',#1144,#1145,#1384,.F.);
#841=EDGE_CURVE('',#1145,#1146,#1385,.T.);
#842=EDGE_CURVE('',#1147,#1146,#1386,.F.);
#843=EDGE_CURVE('',#1144,#1147,#1387,.F.);
#844=EDGE_CURVE('',#1148,#1149,#1388,.F.);
#845=EDGE_CURVE('',#1149,#1145,#1389,.T.);
#846=EDGE_CURVE('',#1148,#1144,#1390,.F.);
#847=EDGE_CURVE('',#1146,#1150,#1391,.T.);
#848=EDGE_CURVE('',#1151,#1150,#1392,.F.);
#849=EDGE_CURVE('',#1147,#1151,#1393,.T.);
#850=EDGE_CURVE('',#1151,#1148,#1394,.T.);
#851=EDGE_CURVE('',#1152,#1152,#96,.T.);
#852=EDGE_CURVE('',#1153,#1153,#97,.T.);
#853=EDGE_CURVE('',#1154,#1154,#98,.T.);
#854=EDGE_CURVE('',#1155,#1155,#99,.T.);
#855=EDGE_CURVE('',#1156,#1156,#100,.T.);
#856=EDGE_CURVE('',#1157,#1157,#101,.T.);
#857=EDGE_CURVE('',#1158,#1158,#102,.T.);
#858=EDGE_CURVE('',#1159,#1159,#103,.T.);
#859=EDGE_CURVE('',#1160,#1160,#104,.T.);
#860=EDGE_CURVE('',#1161,#1161,#105,.T.);
#861=EDGE_CURVE('',#1162,#1162,#106,.T.);
#862=EDGE_CURVE('',#1163,#1163,#107,.T.);
#863=EDGE_CURVE('',#1164,#1164,#108,.T.);
#864=EDGE_CURVE('',#1165,#1165,#109,.T.);
#865=EDGE_CURVE('',#1166,#1166,#110,.T.);
#866=EDGE_CURVE('',#1167,#1167,#111,.T.);
#867=EDGE_CURVE('',#1168,#1168,#112,.T.);
#868=EDGE_CURVE('',#1169,#1169,#113,.T.);
#869=EDGE_CURVE('',#1170,#1170,#114,.T.);
#870=EDGE_CURVE('',#1171,#1171,#115,.T.);
#871=EDGE_CURVE('',#1172,#1172,#116,.T.);
#872=EDGE_CURVE('',#1173,#1173,#117,.T.);
#873=EDGE_CURVE('',#1174,#1174,#118,.T.);
#874=EDGE_CURVE('',#1175,#1175,#119,.T.);
#875=EDGE_CURVE('',#1176,#1176,#120,.T.);
#876=EDGE_CURVE('',#1177,#1177,#121,.T.);
#877=EDGE_CURVE('',#1178,#1178,#122,.T.);
#878=EDGE_CURVE('',#1179,#1179,#123,.T.);
#879=EDGE_CURVE('',#1180,#1180,#124,.T.);
#880=EDGE_CURVE('',#1181,#1181,#125,.T.);
#881=EDGE_CURVE('',#1182,#1182,#126,.T.);
#882=EDGE_CURVE('',#1183,#1183,#127,.T.);
#883=EDGE_CURVE('',#1184,#1184,#128,.T.);
#884=EDGE_CURVE('',#1185,#1185,#129,.T.);
#885=EDGE_CURVE('',#1186,#1186,#130,.T.);
#886=EDGE_CURVE('',#1187,#1187,#131,.T.);
#887=EDGE_CURVE('',#1188,#1188,#132,.T.);
#888=EDGE_CURVE('',#1189,#1189,#133,.T.);
#889=EDGE_CURVE('',#1190,#1190,#134,.T.);
#890=EDGE_CURVE('',#1191,#1191,#135,.T.);
#891=EDGE_CURVE('',#1192,#1192,#136,.T.);
#892=EDGE_CURVE('',#1193,#1194,#1395,.F.);
#893=EDGE_CURVE('',#1195,#1193,#137,.T.);
#894=EDGE_CURVE('',#1196,#1195,#1396,.F.);
#895=EDGE_CURVE('',#1194,#1196,#138,.T.);
#896=EDGE_CURVE('',#1197,#1197,#139,.T.);
#897=EDGE_CURVE('',#1198,#1198,#140,.T.);
#898=EDGE_CURVE('',#1199,#1199,#141,.T.);
#899=EDGE_CURVE('',#1200,#1200,#142,.T.);
#900=EDGE_CURVE('',#1201,#1201,#143,.T.);
#901=EDGE_CURVE('',#1202,#1202,#144,.T.);
#902=EDGE_CURVE('',#1203,#1203,#145,.T.);
#903=EDGE_CURVE('',#1204,#1205,#1397,.F.);
#904=EDGE_CURVE('',#1206,#1204,#146,.T.);
#905=EDGE_CURVE('',#1207,#1206,#1398,.F.);
#906=EDGE_CURVE('',#1205,#1207,#147,.T.);
#907=EDGE_CURVE('',#1150,#1149,#1399,.T.);
#908=EDGE_CURVE('',#1208,#1208,#148,.T.);
#909=EDGE_CURVE('',#1209,#1209,#149,.T.);
#910=EDGE_CURVE('',#1210,#1210,#150,.T.);
#911=EDGE_CURVE('',#1211,#1211,#151,.T.);
#912=EDGE_CURVE('',#1212,#1212,#152,.T.);
#913=EDGE_CURVE('',#1213,#1213,#153,.T.);
#914=EDGE_CURVE('',#1214,#1214,#154,.T.);
#915=EDGE_CURVE('',#1215,#1215,#155,.T.);
#916=EDGE_CURVE('',#1216,#1216,#156,.T.);
#917=EDGE_CURVE('',#1217,#1217,#157,.T.);
#918=EDGE_CURVE('',#1218,#1218,#158,.T.);
#919=EDGE_CURVE('',#1219,#1219,#159,.T.);
#920=EDGE_CURVE('',#1220,#1220,#160,.T.);
#921=EDGE_CURVE('',#1221,#1221,#161,.T.);
#922=EDGE_CURVE('',#1222,#1222,#162,.T.);
#923=EDGE_CURVE('',#1223,#1223,#163,.T.);
#924=EDGE_CURVE('',#1224,#1224,#164,.T.);
#925=EDGE_CURVE('',#1225,#1225,#165,.T.);
#926=EDGE_CURVE('',#1226,#1226,#166,.T.);
#927=EDGE_CURVE('',#1227,#1227,#167,.T.);
#928=EDGE_CURVE('',#1228,#1228,#168,.T.);
#929=EDGE_CURVE('',#1229,#1229,#169,.T.);
#930=EDGE_CURVE('',#1230,#1230,#170,.T.);
#931=EDGE_CURVE('',#1231,#1231,#171,.T.);
#932=EDGE_CURVE('',#1232,#1232,#172,.T.);
#933=EDGE_CURVE('',#1233,#1233,#173,.T.);
#934=EDGE_CURVE('',#1234,#1234,#174,.T.);
#935=EDGE_CURVE('',#1235,#1235,#175,.T.);
#936=EDGE_CURVE('',#1236,#1236,#176,.T.);
#937=EDGE_CURVE('',#1237,#1237,#177,.T.);
#938=EDGE_CURVE('',#1238,#1238,#178,.T.);
#939=EDGE_CURVE('',#1239,#1239,#179,.T.);
#940=EDGE_CURVE('',#1240,#1240,#180,.T.);
#941=EDGE_CURVE('',#1241,#1241,#181,.T.);
#942=EDGE_CURVE('',#1242,#1242,#182,.T.);
#943=EDGE_CURVE('',#1243,#1243,#183,.T.);
#944=EDGE_CURVE('',#1244,#1244,#184,.T.);
#945=EDGE_CURVE('',#1245,#1245,#185,.T.);
#946=EDGE_CURVE('',#1246,#1246,#186,.T.);
#947=EDGE_CURVE('',#1247,#1247,#187,.T.);
#948=EDGE_CURVE('',#1248,#1248,#188,.T.);
#949=EDGE_CURVE('',#1249,#1250,#189,.T.);
#950=EDGE_CURVE('',#1250,#1251,#1400,.F.);
#951=EDGE_CURVE('',#1251,#1252,#190,.T.);
#952=EDGE_CURVE('',#1252,#1249,#1401,.T.);
#953=EDGE_CURVE('',#1253,#1253,#191,.T.);
#954=EDGE_CURVE('',#1254,#1254,#192,.T.);
#955=EDGE_CURVE('',#1255,#1255,#193,.T.);
#956=EDGE_CURVE('',#1256,#1256,#194,.T.);
#957=EDGE_CURVE('',#1257,#1257,#195,.T.);
#958=EDGE_CURVE('',#1258,#1258,#196,.T.);
#959=EDGE_CURVE('',#1259,#1259,#197,.T.);
#960=EDGE_CURVE('',#1260,#1261,#198,.T.);
#961=EDGE_CURVE('',#1261,#1262,#1402,.F.);
#962=EDGE_CURVE('',#1262,#1263,#199,.T.);
#963=EDGE_CURVE('',#1263,#1260,#1403,.T.);
#964=EDGE_CURVE('',#1196,#1250,#1404,.F.);
#965=EDGE_CURVE('',#1194,#1249,#1405,.F.);
#966=EDGE_CURVE('',#1193,#1252,#1406,.F.);
#967=EDGE_CURVE('',#1195,#1251,#1407,.F.);
#968=EDGE_CURVE('',#1207,#1261,#1408,.F.);
#969=EDGE_CURVE('',#1205,#1260,#1409,.F.);
#970=EDGE_CURVE('',#1204,#1263,#1410,.F.);
#971=EDGE_CURVE('',#1206,#1262,#1411,.F.);
#972=EDGE_CURVE('',#1264,#1265,#1412,.T.);
#973=EDGE_CURVE('',#1264,#1266,#1413,.F.);
#974=EDGE_CURVE('',#1266,#1267,#1414,.T.);
#975=EDGE_CURVE('',#1267,#1265,#1415,.T.);
#976=EDGE_CURVE('',#1268,#1269,#1416,.T.);
#977=EDGE_CURVE('',#1269,#1270,#1417,.F.);
#978=EDGE_CURVE('',#1271,#1270,#1418,.T.);
#979=EDGE_CURVE('',#1271,#1268,#1419,.T.);
#980=EDGE_CURVE('',#1272,#1273,#1420,.T.);
#981=EDGE_CURVE('',#1272,#1274,#1421,.T.);
#982=EDGE_CURVE('',#1274,#1275,#1422,.T.);
#983=EDGE_CURVE('',#1275,#1273,#1423,.F.);
#984=EDGE_CURVE('',#1276,#1277,#1424,.T.);
#985=EDGE_CURVE('',#1276,#1278,#1425,.F.);
#986=EDGE_CURVE('',#1278,#1279,#1426,.T.);
#987=EDGE_CURVE('',#1279,#1277,#1427,.T.);
#988=EDGE_CURVE('',#1280,#1281,#1428,.T.);
#989=EDGE_CURVE('',#1282,#1280,#1429,.T.);
#990=EDGE_CURVE('',#1282,#1283,#1430,.T.);
#991=EDGE_CURVE('',#1283,#1281,#1431,.T.);
#992=EDGE_CURVE('',#1284,#1285,#1432,.T.);
#993=EDGE_CURVE('',#1286,#1284,#1433,.T.);
#994=EDGE_CURVE('',#1286,#1287,#1434,.T.);
#995=EDGE_CURVE('',#1287,#1285,#1435,.T.);
#996=EDGE_CURVE('',#1288,#1289,#1436,.T.);
#997=EDGE_CURVE('',#1290,#1288,#1437,.T.);
#998=EDGE_CURVE('',#1290,#1291,#1438,.T.);
#999=EDGE_CURVE('',#1291,#1289,#1439,.T.);
#1000=EDGE_CURVE('',#1292,#1293,#1440,.T.);
#1001=EDGE_CURVE('',#1294,#1292,#1441,.T.);
#1002=EDGE_CURVE('',#1294,#1295,#1442,.T.);
#1003=EDGE_CURVE('',#1295,#1293,#1443,.T.);
#1004=EDGE_CURVE('',#1296,#1297,#1444,.T.);
#1005=EDGE_CURVE('',#1298,#1296,#1445,.T.);
#1006=EDGE_CURVE('',#1298,#1299,#1446,.T.);
#1007=EDGE_CURVE('',#1299,#1297,#1447,.T.);
#1008=EDGE_CURVE('',#1300,#1301,#1448,.T.);
#1009=EDGE_CURVE('',#1302,#1300,#1449,.T.);
#1010=EDGE_CURVE('',#1302,#1303,#1450,.T.);
#1011=EDGE_CURVE('',#1303,#1301,#1451,.T.);
#1012=EDGE_CURVE('',#1304,#1305,#1452,.T.);
#1013=EDGE_CURVE('',#1306,#1304,#1453,.T.);
#1014=EDGE_CURVE('',#1306,#1307,#1454,.T.);
#1015=EDGE_CURVE('',#1307,#1305,#1455,.T.);
#1016=EDGE_CURVE('',#1308,#1308,#200,.T.);
#1017=EDGE_CURVE('',#1309,#1309,#201,.T.);
#1018=EDGE_CURVE('',#1310,#1310,#202,.T.);
#1019=EDGE_CURVE('',#1311,#1311,#203,.T.);
#1020=EDGE_CURVE('',#1270,#1272,#204,.T.);
#1021=EDGE_CURVE('',#1273,#1279,#205,.T.);
#1022=EDGE_CURVE('',#1278,#1267,#206,.T.);
#1023=EDGE_CURVE('',#1266,#1271,#207,.T.);
#1024=EDGE_CURVE('',#1312,#1313,#1456,.T.);
#1025=EDGE_CURVE('',#1313,#1314,#1457,.T.);
#1026=EDGE_CURVE('',#1315,#1314,#1458,.T.);
#1027=EDGE_CURVE('',#1312,#1315,#1459,.T.);
#1028=EDGE_CURVE('',#1316,#1317,#1460,.T.);
#1029=EDGE_CURVE('',#1317,#1318,#1461,.T.);
#1030=EDGE_CURVE('',#1319,#1318,#1462,.T.);
#1031=EDGE_CURVE('',#1316,#1319,#1463,.T.);
#1032=EDGE_CURVE('',#1320,#1321,#1464,.T.);
#1033=EDGE_CURVE('',#1321,#1322,#1465,.T.);
#1034=EDGE_CURVE('',#1323,#1322,#1466,.T.);
#1035=EDGE_CURVE('',#1320,#1323,#1467,.T.);
#1036=EDGE_CURVE('',#1324,#1325,#1468,.T.);
#1037=EDGE_CURVE('',#1325,#1326,#1469,.T.);
#1038=EDGE_CURVE('',#1327,#1326,#1470,.T.);
#1039=EDGE_CURVE('',#1324,#1327,#1471,.T.);
#1040=EDGE_CURVE('',#1328,#1329,#1472,.T.);
#1041=EDGE_CURVE('',#1329,#1330,#1473,.T.);
#1042=EDGE_CURVE('',#1331,#1330,#1474,.T.);
#1043=EDGE_CURVE('',#1328,#1331,#1475,.T.);
#1044=EDGE_CURVE('',#1332,#1333,#1476,.T.);
#1045=EDGE_CURVE('',#1333,#1334,#1477,.T.);
#1046=EDGE_CURVE('',#1335,#1334,#1478,.T.);
#1047=EDGE_CURVE('',#1332,#1335,#1479,.T.);
#1048=EDGE_CURVE('',#1336,#1337,#1480,.T.);
#1049=EDGE_CURVE('',#1337,#1338,#1481,.T.);
#1050=EDGE_CURVE('',#1339,#1338,#1482,.T.);
#1051=EDGE_CURVE('',#1336,#1339,#1483,.T.);
#1052=EDGE_CURVE('',#1340,#1340,#208,.F.);
#1053=EDGE_CURVE('',#1341,#1341,#209,.F.);
#1054=EDGE_CURVE('',#1342,#1342,#210,.F.);
#1055=EDGE_CURVE('',#1343,#1343,#211,.F.);
#1056=EDGE_CURVE('',#1274,#1269,#212,.F.);
#1057=EDGE_CURVE('',#1268,#1264,#213,.F.);
#1058=EDGE_CURVE('',#1265,#1276,#214,.F.);
#1059=EDGE_CURVE('',#1277,#1275,#215,.F.);
#1060=EDGE_CURVE('',#1305,#1338,#1484,.T.);
#1061=EDGE_CURVE('',#1304,#1337,#1485,.T.);
#1062=EDGE_CURVE('',#1307,#1339,#1486,.T.);
#1063=EDGE_CURVE('',#1306,#1336,#1487,.T.);
#1064=EDGE_CURVE('',#1301,#1334,#1488,.T.);
#1065=EDGE_CURVE('',#1300,#1333,#1489,.T.);
#1066=EDGE_CURVE('',#1303,#1335,#1490,.T.);
#1067=EDGE_CURVE('',#1302,#1332,#1491,.T.);
#1068=EDGE_CURVE('',#1297,#1330,#1492,.T.);
#1069=EDGE_CURVE('',#1296,#1329,#1493,.T.);
#1070=EDGE_CURVE('',#1299,#1331,#1494,.T.);
#1071=EDGE_CURVE('',#1298,#1328,#1495,.T.);
#1072=EDGE_CURVE('',#1293,#1326,#1496,.T.);
#1073=EDGE_CURVE('',#1292,#1325,#1497,.T.);
#1074=EDGE_CURVE('',#1295,#1327,#1498,.T.);
#1075=EDGE_CURVE('',#1294,#1324,#1499,.T.);
#1076=EDGE_CURVE('',#1289,#1322,#1500,.T.);
#1077=EDGE_CURVE('',#1288,#1321,#1501,.T.);
#1078=EDGE_CURVE('',#1291,#1323,#1502,.T.);
#1079=EDGE_CURVE('',#1290,#1320,#1503,.T.);
#1080=EDGE_CURVE('',#1285,#1318,#1504,.T.);
#1081=EDGE_CURVE('',#1284,#1317,#1505,.T.);
#1082=EDGE_CURVE('',#1287,#1319,#1506,.T.);
#1083=EDGE_CURVE('',#1286,#1316,#1507,.T.);
#1084=EDGE_CURVE('',#1281,#1314,#1508,.T.);
#1085=EDGE_CURVE('',#1280,#1313,#1509,.T.);
#1086=EDGE_CURVE('',#1283,#1315,#1510,.T.);
#1087=EDGE_CURVE('',#1282,#1312,#1511,.T.);
#1088=EDGE_CURVE('',#1344,#1345,#1512,.T.);
#1089=EDGE_CURVE('',#1345,#1346,#1513,.T.);
#1090=EDGE_CURVE('',#1346,#1347,#1514,.T.);
#1091=EDGE_CURVE('',#1347,#1348,#1515,.T.);
#1092=EDGE_CURVE('',#1349,#1348,#1516,.T.);
#1093=EDGE_CURVE('',#1349,#1350,#1517,.F.);
#1094=EDGE_CURVE('',#1350,#1351,#1518,.T.);
#1095=EDGE_CURVE('',#1344,#1351,#1519,.T.);
#1096=EDGE_CURVE('',#1352,#1353,#1520,.T.);
#1097=EDGE_CURVE('',#1352,#1354,#1521,.T.);
#1098=EDGE_CURVE('',#1354,#1355,#1522,.T.);
#1099=EDGE_CURVE('',#1355,#1353,#1523,.T.);
#1100=EDGE_CURVE('',#1352,#1346,#1524,.T.);
#1101=EDGE_CURVE('',#1353,#1356,#1525,.T.);
#1102=EDGE_CURVE('',#1357,#1356,#1526,.T.);
#1103=EDGE_CURVE('',#1358,#1357,#1527,.T.);
#1104=EDGE_CURVE('',#1358,#1359,#1528,.T.);
#1105=EDGE_CURVE('',#1359,#1351,#1529,.T.);
#1106=EDGE_CURVE('',#1350,#1360,#216,.T.);
#1107=EDGE_CURVE('',#1360,#1361,#1530,.T.);
#1108=EDGE_CURVE('',#1361,#1362,#217,.T.);
#1109=EDGE_CURVE('',#1362,#1363,#1531,.T.);
#1110=EDGE_CURVE('',#1363,#1364,#218,.T.);
#1111=EDGE_CURVE('',#1365,#1364,#1532,.T.);
#1112=EDGE_CURVE('',#1365,#1347,#219,.T.);
#1113=EDGE_CURVE('',#1366,#1366,#220,.F.);
#1114=EDGE_CURVE('',#1367,#1367,#221,.F.);
#1115=EDGE_CURVE('',#1368,#1368,#222,.F.);
#1116=EDGE_CURVE('',#1369,#1369,#223,.F.);
#1117=EDGE_CURVE('',#1360,#1370,#1533,.T.);
#1118=EDGE_CURVE('',#1370,#1371,#1534,.T.);
#1119=EDGE_CURVE('',#1371,#1361,#1535,.F.);
#1120=EDGE_CURVE('',#1362,#1372,#1536,.T.);
#1121=EDGE_CURVE('',#1372,#1373,#1537,.T.);
#1122=EDGE_CURVE('',#1373,#1363,#1538,.F.);
#1123=EDGE_CURVE('',#1364,#1374,#1539,.T.);
#1124=EDGE_CURVE('',#1375,#1374,#1540,.T.);
#1125=EDGE_CURVE('',#1375,#1365,#1541,.F.);
#1126=EDGE_CURVE('',#1376,#1376,#224,.T.);
#1127=EDGE_CURVE('',#1377,#1377,#225,.F.);
#1128=EDGE_CURVE('',#1378,#1378,#226,.F.);
#1129=EDGE_CURVE('',#1379,#1379,#227,.F.);
#1130=EDGE_CURVE('',#1370,#1349,#228,.F.);
#1131=EDGE_CURVE('',#1348,#1375,#229,.F.);
#1132=EDGE_CURVE('',#1374,#1373,#230,.F.);
#1133=EDGE_CURVE('',#1372,#1371,#231,.F.);
#1134=EDGE_CURVE('',#1359,#1380,#1542,.T.);
#1135=EDGE_CURVE('',#1381,#1358,#1543,.T.);
#1136=EDGE_CURVE('',#1381,#1380,#1544,.T.);
#1137=EDGE_CURVE('',#1382,#1357,#1545,.T.);
#1138=EDGE_CURVE('',#1381,#1382,#1546,.T.);
#1139=EDGE_CURVE('',#1383,#1356,#1547,.T.);
#1140=EDGE_CURVE('',#1382,#1383,#1548,.T.);
#1141=EDGE_CURVE('',#1355,#1383,#1549,.T.);
#1142=EDGE_CURVE('',#1354,#1345,#1550,.T.);
#1143=EDGE_CURVE('',#1380,#1344,#1551,.T.);
#1144=VERTEX_POINT('',#3535);
#1145=VERTEX_POINT('',#3536);
#1146=VERTEX_POINT('',#3538);
#1147=VERTEX_POINT('',#3540);
#1148=VERTEX_POINT('',#3544);
#1149=VERTEX_POINT('',#3545);
#1150=VERTEX_POINT('',#3550);
#1151=VERTEX_POINT('',#3552);
#1152=VERTEX_POINT('',#3557);
#1153=VERTEX_POINT('',#3559);
#1154=VERTEX_POINT('',#3561);
#1155=VERTEX_POINT('',#3563);
#1156=VERTEX_POINT('',#3565);
#1157=VERTEX_POINT('',#3567);
#1158=VERTEX_POINT('',#3569);
#1159=VERTEX_POINT('',#3571);
#1160=VERTEX_POINT('',#3573);
#1161=VERTEX_POINT('',#3575);
#1162=VERTEX_POINT('',#3577);
#1163=VERTEX_POINT('',#3579);
#1164=VERTEX_POINT('',#3581);
#1165=VERTEX_POINT('',#3583);
#1166=VERTEX_POINT('',#3585);
#1167=VERTEX_POINT('',#3587);
#1168=VERTEX_POINT('',#3589);
#1169=VERTEX_POINT('',#3591);
#1170=VERTEX_POINT('',#3593);
#1171=VERTEX_POINT('',#3595);
#1172=VERTEX_POINT('',#3597);
#1173=VERTEX_POINT('',#3599);
#1174=VERTEX_POINT('',#3601);
#1175=VERTEX_POINT('',#3603);
#1176=VERTEX_POINT('',#3605);
#1177=VERTEX_POINT('',#3607);
#1178=VERTEX_POINT('',#3609);
#1179=VERTEX_POINT('',#3611);
#1180=VERTEX_POINT('',#3613);
#1181=VERTEX_POINT('',#3615);
#1182=VERTEX_POINT('',#3617);
#1183=VERTEX_POINT('',#3619);
#1184=VERTEX_POINT('',#3621);
#1185=VERTEX_POINT('',#3623);
#1186=VERTEX_POINT('',#3625);
#1187=VERTEX_POINT('',#3627);
#1188=VERTEX_POINT('',#3629);
#1189=VERTEX_POINT('',#3631);
#1190=VERTEX_POINT('',#3633);
#1191=VERTEX_POINT('',#3635);
#1192=VERTEX_POINT('',#3637);
#1193=VERTEX_POINT('',#3639);
#1194=VERTEX_POINT('',#3640);
#1195=VERTEX_POINT('',#3642);
#1196=VERTEX_POINT('',#3644);
#1197=VERTEX_POINT('',#3647);
#1198=VERTEX_POINT('',#3649);
#1199=VERTEX_POINT('',#3651);
#1200=VERTEX_POINT('',#3653);
#1201=VERTEX_POINT('',#3655);
#1202=VERTEX_POINT('',#3657);
#1203=VERTEX_POINT('',#3659);
#1204=VERTEX_POINT('',#3661);
#1205=VERTEX_POINT('',#3662);
#1206=VERTEX_POINT('',#3664);
#1207=VERTEX_POINT('',#3666);
#1208=VERTEX_POINT('',#3671);
#1209=VERTEX_POINT('',#3673);
#1210=VERTEX_POINT('',#3675);
#1211=VERTEX_POINT('',#3677);
#1212=VERTEX_POINT('',#3679);
#1213=VERTEX_POINT('',#3681);
#1214=VERTEX_POINT('',#3683);
#1215=VERTEX_POINT('',#3685);
#1216=VERTEX_POINT('',#3687);
#1217=VERTEX_POINT('',#3689);
#1218=VERTEX_POINT('',#3691);
#1219=VERTEX_POINT('',#3693);
#1220=VERTEX_POINT('',#3695);
#1221=VERTEX_POINT('',#3697);
#1222=VERTEX_POINT('',#3699);
#1223=VERTEX_POINT('',#3701);
#1224=VERTEX_POINT('',#3703);
#1225=VERTEX_POINT('',#3705);
#1226=VERTEX_POINT('',#3707);
#1227=VERTEX_POINT('',#3709);
#1228=VERTEX_POINT('',#3711);
#1229=VERTEX_POINT('',#3713);
#1230=VERTEX_POINT('',#3715);
#1231=VERTEX_POINT('',#3717);
#1232=VERTEX_POINT('',#3719);
#1233=VERTEX_POINT('',#3721);
#1234=VERTEX_POINT('',#3723);
#1235=VERTEX_POINT('',#3725);
#1236=VERTEX_POINT('',#3727);
#1237=VERTEX_POINT('',#3729);
#1238=VERTEX_POINT('',#3731);
#1239=VERTEX_POINT('',#3733);
#1240=VERTEX_POINT('',#3735);
#1241=VERTEX_POINT('',#3737);
#1242=VERTEX_POINT('',#3739);
#1243=VERTEX_POINT('',#3741);
#1244=VERTEX_POINT('',#3743);
#1245=VERTEX_POINT('',#3745);
#1246=VERTEX_POINT('',#3747);
#1247=VERTEX_POINT('',#3749);
#1248=VERTEX_POINT('',#3751);
#1249=VERTEX_POINT('',#3753);
#1250=VERTEX_POINT('',#3754);
#1251=VERTEX_POINT('',#3756);
#1252=VERTEX_POINT('',#3758);
#1253=VERTEX_POINT('',#3761);
#1254=VERTEX_POINT('',#3763);
#1255=VERTEX_POINT('',#3765);
#1256=VERTEX_POINT('',#3767);
#1257=VERTEX_POINT('',#3769);
#1258=VERTEX_POINT('',#3771);
#1259=VERTEX_POINT('',#3773);
#1260=VERTEX_POINT('',#3775);
#1261=VERTEX_POINT('',#3776);
#1262=VERTEX_POINT('',#3778);
#1263=VERTEX_POINT('',#3780);
#1264=VERTEX_POINT('',#3850);
#1265=VERTEX_POINT('',#3851);
#1266=VERTEX_POINT('',#3853);
#1267=VERTEX_POINT('',#3855);
#1268=VERTEX_POINT('',#3859);
#1269=VERTEX_POINT('',#3860);
#1270=VERTEX_POINT('',#3862);
#1271=VERTEX_POINT('',#3864);
#1272=VERTEX_POINT('',#3868);
#1273=VERTEX_POINT('',#3869);
#1274=VERTEX_POINT('',#3871);
#1275=VERTEX_POINT('',#3873);
#1276=VERTEX_POINT('',#3877);
#1277=VERTEX_POINT('',#3878);
#1278=VERTEX_POINT('',#3880);
#1279=VERTEX_POINT('',#3882);
#1280=VERTEX_POINT('',#3886);
#1281=VERTEX_POINT('',#3887);
#1282=VERTEX_POINT('',#3889);
#1283=VERTEX_POINT('',#3891);
#1284=VERTEX_POINT('',#3894);
#1285=VERTEX_POINT('',#3895);
#1286=VERTEX_POINT('',#3897);
#1287=VERTEX_POINT('',#3899);
#1288=VERTEX_POINT('',#3902);
#1289=VERTEX_POINT('',#3903);
#1290=VERTEX_POINT('',#3905);
#1291=VERTEX_POINT('',#3907);
#1292=VERTEX_POINT('',#3910);
#1293=VERTEX_POINT('',#3911);
#1294=VERTEX_POINT('',#3913);
#1295=VERTEX_POINT('',#3915);
#1296=VERTEX_POINT('',#3918);
#1297=VERTEX_POINT('',#3919);
#1298=VERTEX_POINT('',#3921);
#1299=VERTEX_POINT('',#3923);
#1300=VERTEX_POINT('',#3926);
#1301=VERTEX_POINT('',#3927);
#1302=VERTEX_POINT('',#3929);
#1303=VERTEX_POINT('',#3931);
#1304=VERTEX_POINT('',#3934);
#1305=VERTEX_POINT('',#3935);
#1306=VERTEX_POINT('',#3937);
#1307=VERTEX_POINT('',#3939);
#1308=VERTEX_POINT('',#3942);
#1309=VERTEX_POINT('',#3944);
#1310=VERTEX_POINT('',#3946);
#1311=VERTEX_POINT('',#3948);
#1312=VERTEX_POINT('',#3955);
#1313=VERTEX_POINT('',#3956);
#1314=VERTEX_POINT('',#3958);
#1315=VERTEX_POINT('',#3960);
#1316=VERTEX_POINT('',#3963);
#1317=VERTEX_POINT('',#3964);
#1318=VERTEX_POINT('',#3966);
#1319=VERTEX_POINT('',#3968);
#1320=VERTEX_POINT('',#3971);
#1321=VERTEX_POINT('',#3972);
#1322=VERTEX_POINT('',#3974);
#1323=VERTEX_POINT('',#3976);
#1324=VERTEX_POINT('',#3979);
#1325=VERTEX_POINT('',#3980);
#1326=VERTEX_POINT('',#3982);
#1327=VERTEX_POINT('',#3984);
#1328=VERTEX_POINT('',#3987);
#1329=VERTEX_POINT('',#3988);
#1330=VERTEX_POINT('',#3990);
#1331=VERTEX_POINT('',#3992);
#1332=VERTEX_POINT('',#3995);
#1333=VERTEX_POINT('',#3996);
#1334=VERTEX_POINT('',#3998);
#1335=VERTEX_POINT('',#4000);
#1336=VERTEX_POINT('',#4003);
#1337=VERTEX_POINT('',#4004);
#1338=VERTEX_POINT('',#4006);
#1339=VERTEX_POINT('',#4008);
#1340=VERTEX_POINT('',#4011);
#1341=VERTEX_POINT('',#4013);
#1342=VERTEX_POINT('',#4015);
#1343=VERTEX_POINT('',#4017);
#1344=VERTEX_POINT('',#4089);
#1345=VERTEX_POINT('',#4090);
#1346=VERTEX_POINT('',#4092);
#1347=VERTEX_POINT('',#4094);
#1348=VERTEX_POINT('',#4096);
#1349=VERTEX_POINT('',#4098);
#1350=VERTEX_POINT('',#4100);
#1351=VERTEX_POINT('',#4102);
#1352=VERTEX_POINT('',#4106);
#1353=VERTEX_POINT('',#4107);
#1354=VERTEX_POINT('',#4109);
#1355=VERTEX_POINT('',#4111);
#1356=VERTEX_POINT('',#4116);
#1357=VERTEX_POINT('',#4118);
#1358=VERTEX_POINT('',#4120);
#1359=VERTEX_POINT('',#4122);
#1360=VERTEX_POINT('',#4125);
#1361=VERTEX_POINT('',#4127);
#1362=VERTEX_POINT('',#4129);
#1363=VERTEX_POINT('',#4131);
#1364=VERTEX_POINT('',#4133);
#1365=VERTEX_POINT('',#4135);
#1366=VERTEX_POINT('',#4138);
#1367=VERTEX_POINT('',#4140);
#1368=VERTEX_POINT('',#4142);
#1369=VERTEX_POINT('',#4144);
#1370=VERTEX_POINT('',#4147);
#1371=VERTEX_POINT('',#4149);
#1372=VERTEX_POINT('',#4153);
#1373=VERTEX_POINT('',#4155);
#1374=VERTEX_POINT('',#4159);
#1375=VERTEX_POINT('',#4161);
#1376=VERTEX_POINT('',#4165);
#1377=VERTEX_POINT('',#4167);
#1378=VERTEX_POINT('',#4169);
#1379=VERTEX_POINT('',#4171);
#1380=VERTEX_POINT('',#4186);
#1381=VERTEX_POINT('',#4188);
#1382=VERTEX_POINT('',#4192);
#1383=VERTEX_POINT('',#4196);
#1384=LINE('',#3534,#1552);
#1385=LINE('',#3537,#1553);
#1386=LINE('',#3539,#1554);
#1387=LINE('',#3541,#1555);
#1388=LINE('',#3543,#1556);
#1389=LINE('',#3546,#1557);
#1390=LINE('',#3547,#1558);
#1391=LINE('',#3549,#1559);
#1392=LINE('',#3551,#1560);
#1393=LINE('',#3553,#1561);
#1394=LINE('',#3555,#1562);
#1395=LINE('',#3638,#1563);
#1396=LINE('',#3643,#1564);
#1397=LINE('',#3660,#1565);
#1398=LINE('',#3665,#1566);
#1399=LINE('',#3669,#1567);
#1400=LINE('',#3755,#1568);
#1401=LINE('',#3759,#1569);
#1402=LINE('',#3777,#1570);
#1403=LINE('',#3781,#1571);
#1404=LINE('',#3825,#1572);
#1405=LINE('',#3826,#1573);
#1406=LINE('',#3828,#1574);
#1407=LINE('',#3830,#1575);
#1408=LINE('',#3840,#1576);
#1409=LINE('',#3841,#1577);
#1410=LINE('',#3843,#1578);
#1411=LINE('',#3845,#1579);
#1412=LINE('',#3849,#1580);
#1413=LINE('',#3852,#1581);
#1414=LINE('',#3854,#1582);
#1415=LINE('',#3856,#1583);
#1416=LINE('',#3858,#1584);
#1417=LINE('',#3861,#1585);
#1418=LINE('',#3863,#1586);
#1419=LINE('',#3865,#1587);
#1420=LINE('',#3867,#1588);
#1421=LINE('',#3870,#1589);
#1422=LINE('',#3872,#1590);
#1423=LINE('',#3874,#1591);
#1424=LINE('',#3876,#1592);
#1425=LINE('',#3879,#1593);
#1426=LINE('',#3881,#1594);
#1427=LINE('',#3883,#1595);
#1428=LINE('',#3885,#1596);
#1429=LINE('',#3888,#1597);
#1430=LINE('',#3890,#1598);
#1431=LINE('',#3892,#1599);
#1432=LINE('',#3893,#1600);
#1433=LINE('',#3896,#1601);
#1434=LINE('',#3898,#1602);
#1435=LINE('',#3900,#1603);
#1436=LINE('',#3901,#1604);
#1437=LINE('',#3904,#1605);
#1438=LINE('',#3906,#1606);
#1439=LINE('',#3908,#1607);
#1440=LINE('',#3909,#1608);
#1441=LINE('',#3912,#1609);
#1442=LINE('',#3914,#1610);
#1443=LINE('',#3916,#1611);
#1444=LINE('',#3917,#1612);
#1445=LINE('',#3920,#1613);
#1446=LINE('',#3922,#1614);
#1447=LINE('',#3924,#1615);
#1448=LINE('',#3925,#1616);
#1449=LINE('',#3928,#1617);
#1450=LINE('',#3930,#1618);
#1451=LINE('',#3932,#1619);
#1452=LINE('',#3933,#1620);
#1453=LINE('',#3936,#1621);
#1454=LINE('',#3938,#1622);
#1455=LINE('',#3940,#1623);
#1456=LINE('',#3954,#1624);
#1457=LINE('',#3957,#1625);
#1458=LINE('',#3959,#1626);
#1459=LINE('',#3961,#1627);
#1460=LINE('',#3962,#1628);
#1461=LINE('',#3965,#1629);
#1462=LINE('',#3967,#1630);
#1463=LINE('',#3969,#1631);
#1464=LINE('',#3970,#1632);
#1465=LINE('',#3973,#1633);
#1466=LINE('',#3975,#1634);
#1467=LINE('',#3977,#1635);
#1468=LINE('',#3978,#1636);
#1469=LINE('',#3981,#1637);
#1470=LINE('',#3983,#1638);
#1471=LINE('',#3985,#1639);
#1472=LINE('',#3986,#1640);
#1473=LINE('',#3989,#1641);
#1474=LINE('',#3991,#1642);
#1475=LINE('',#3993,#1643);
#1476=LINE('',#3994,#1644);
#1477=LINE('',#3997,#1645);
#1478=LINE('',#3999,#1646);
#1479=LINE('',#4001,#1647);
#1480=LINE('',#4002,#1648);
#1481=LINE('',#4005,#1649);
#1482=LINE('',#4007,#1650);
#1483=LINE('',#4009,#1651);
#1484=LINE('',#4031,#1652);
#1485=LINE('',#4032,#1653);
#1486=LINE('',#4034,#1654);
#1487=LINE('',#4036,#1655);
#1488=LINE('',#4039,#1656);
#1489=LINE('',#4040,#1657);
#1490=LINE('',#4042,#1658);
#1491=LINE('',#4044,#1659);
#1492=LINE('',#4047,#1660);
#1493=LINE('',#4048,#1661);
#1494=LINE('',#4050,#1662);
#1495=LINE('',#4052,#1663);
#1496=LINE('',#4055,#1664);
#1497=LINE('',#4056,#1665);
#1498=LINE('',#4058,#1666);
#1499=LINE('',#4060,#1667);
#1500=LINE('',#4063,#1668);
#1501=LINE('',#4064,#1669);
#1502=LINE('',#4066,#1670);
#1503=LINE('',#4068,#1671);
#1504=LINE('',#4071,#1672);
#1505=LINE('',#4072,#1673);
#1506=LINE('',#4074,#1674);
#1507=LINE('',#4076,#1675);
#1508=LINE('',#4079,#1676);
#1509=LINE('',#4080,#1677);
#1510=LINE('',#4082,#1678);
#1511=LINE('',#4084,#1679);
#1512=LINE('',#4088,#1680);
#1513=LINE('',#4091,#1681);
#1514=LINE('',#4093,#1682);
#1515=LINE('',#4095,#1683);
#1516=LINE('',#4097,#1684);
#1517=LINE('',#4099,#1685);
#1518=LINE('',#4101,#1686);
#1519=LINE('',#4103,#1687);
#1520=LINE('',#4105,#1688);
#1521=LINE('',#4108,#1689);
#1522=LINE('',#4110,#1690);
#1523=LINE('',#4112,#1691);
#1524=LINE('',#4114,#1692);
#1525=LINE('',#4115,#1693);
#1526=LINE('',#4117,#1694);
#1527=LINE('',#4119,#1695);
#1528=LINE('',#4121,#1696);
#1529=LINE('',#4123,#1697);
#1530=LINE('',#4126,#1698);
#1531=LINE('',#4130,#1699);
#1532=LINE('',#4134,#1700);
#1533=LINE('',#4146,#1701);
#1534=LINE('',#4148,#1702);
#1535=LINE('',#4150,#1703);
#1536=LINE('',#4152,#1704);
#1537=LINE('',#4154,#1705);
#1538=LINE('',#4156,#1706);
#1539=LINE('',#4158,#1707);
#1540=LINE('',#4160,#1708);
#1541=LINE('',#4162,#1709);
#1542=LINE('',#4185,#1710);
#1543=LINE('',#4187,#1711);
#1544=LINE('',#4189,#1712);
#1545=LINE('',#4191,#1713);
#1546=LINE('',#4193,#1714);
#1547=LINE('',#4195,#1715);
#1548=LINE('',#4197,#1716);
#1549=LINE('',#4199,#1717);
#1550=LINE('',#4201,#1718);
#1551=LINE('',#4202,#1719);
#1552=VECTOR('',#2836,1.);
#1553=VECTOR('',#2837,1.);
#1554=VECTOR('',#2838,1.);
#1555=VECTOR('',#2839,1.);
#1556=VECTOR('',#2842,1.);
#1557=VECTOR('',#2843,1.);
#1558=VECTOR('',#2844,1.);
#1559=VECTOR('',#2847,1.);
#1560=VECTOR('',#2848,1.);
#1561=VECTOR('',#2849,1.);
#1562=VECTOR('',#2852,1.);
#1563=VECTOR('',#2935,1.);
#1564=VECTOR('',#2938,1.);
#1565=VECTOR('',#2955,1.);
#1566=VECTOR('',#2958,1.);
#1567=VECTOR('',#2963,1.);
#1568=VECTOR('',#3048,1.);
#1569=VECTOR('',#3051,1.);
#1570=VECTOR('',#3068,1.);
#1571=VECTOR('',#3071,1.);
#1572=VECTOR('',#3158,1.);
#1573=VECTOR('',#3159,1.);
#1574=VECTOR('',#3162,1.);
#1575=VECTOR('',#3165,1.);
#1576=VECTOR('',#3184,1.);
#1577=VECTOR('',#3185,1.);
#1578=VECTOR('',#3188,1.);
#1579=VECTOR('',#3191,1.);
#1580=VECTOR('',#3198,1.);
#1581=VECTOR('',#3199,1.);
#1582=VECTOR('',#3200,1.);
#1583=VECTOR('',#3201,1.);
#1584=VECTOR('',#3204,1.);
#1585=VECTOR('',#3205,1.);
#1586=VECTOR('',#3206,1.);
#1587=VECTOR('',#3207,1.);
#1588=VECTOR('',#3210,1.);
#1589=VECTOR('',#3211,1.);
#1590=VECTOR('',#3212,1.);
#1591=VECTOR('',#3213,1.);
#1592=VECTOR('',#3216,1.);
#1593=VECTOR('',#3217,1.);
#1594=VECTOR('',#3218,1.);
#1595=VECTOR('',#3219,1.);
#1596=VECTOR('',#3222,1.);
#1597=VECTOR('',#3223,1.);
#1598=VECTOR('',#3224,1.);
#1599=VECTOR('',#3225,1.);
#1600=VECTOR('',#3226,1.);
#1601=VECTOR('',#3227,1.);
#1602=VECTOR('',#3228,1.);
#1603=VECTOR('',#3229,1.);
#1604=VECTOR('',#3230,1.);
#1605=VECTOR('',#3231,1.);
#1606=VECTOR('',#3232,1.);
#1607=VECTOR('',#3233,1.);
#1608=VECTOR('',#3234,1.);
#1609=VECTOR('',#3235,1.);
#1610=VECTOR('',#3236,1.);
#1611=VECTOR('',#3237,1.);
#1612=VECTOR('',#3238,1.);
#1613=VECTOR('',#3239,1.);
#1614=VECTOR('',#3240,1.);
#1615=VECTOR('',#3241,1.);
#1616=VECTOR('',#3242,1.);
#1617=VECTOR('',#3243,1.);
#1618=VECTOR('',#3244,1.);
#1619=VECTOR('',#3245,1.);
#1620=VECTOR('',#3246,1.);
#1621=VECTOR('',#3247,1.);
#1622=VECTOR('',#3248,1.);
#1623=VECTOR('',#3249,1.);
#1624=VECTOR('',#3268,1.);
#1625=VECTOR('',#3269,1.);
#1626=VECTOR('',#3270,1.);
#1627=VECTOR('',#3271,1.);
#1628=VECTOR('',#3272,1.);
#1629=VECTOR('',#3273,1.);
#1630=VECTOR('',#3274,1.);
#1631=VECTOR('',#3275,1.);
#1632=VECTOR('',#3276,1.);
#1633=VECTOR('',#3277,1.);
#1634=VECTOR('',#3278,1.);
#1635=VECTOR('',#3279,1.);
#1636=VECTOR('',#3280,1.);
#1637=VECTOR('',#3281,1.);
#1638=VECTOR('',#3282,1.);
#1639=VECTOR('',#3283,1.);
#1640=VECTOR('',#3284,1.);
#1641=VECTOR('',#3285,1.);
#1642=VECTOR('',#3286,1.);
#1643=VECTOR('',#3287,1.);
#1644=VECTOR('',#3288,1.);
#1645=VECTOR('',#3289,1.);
#1646=VECTOR('',#3290,1.);
#1647=VECTOR('',#3291,1.);
#1648=VECTOR('',#3292,1.);
#1649=VECTOR('',#3293,1.);
#1650=VECTOR('',#3294,1.);
#1651=VECTOR('',#3295,1.);
#1652=VECTOR('',#3330,1.);
#1653=VECTOR('',#3331,1.);
#1654=VECTOR('',#3334,1.);
#1655=VECTOR('',#3337,1.);
#1656=VECTOR('',#3342,1.);
#1657=VECTOR('',#3343,1.);
#1658=VECTOR('',#3346,1.);
#1659=VECTOR('',#3349,1.);
#1660=VECTOR('',#3354,1.);
#1661=VECTOR('',#3355,1.);
#1662=VECTOR('',#3358,1.);
#1663=VECTOR('',#3361,1.);
#1664=VECTOR('',#3366,1.);
#1665=VECTOR('',#3367,1.);
#1666=VECTOR('',#3370,1.);
#1667=VECTOR('',#3373,1.);
#1668=VECTOR('',#3378,1.);
#1669=VECTOR('',#3379,1.);
#1670=VECTOR('',#3382,1.);
#1671=VECTOR('',#3385,1.);
#1672=VECTOR('',#3390,1.);
#1673=VECTOR('',#3391,1.);
#1674=VECTOR('',#3394,1.);
#1675=VECTOR('',#3397,1.);
#1676=VECTOR('',#3402,1.);
#1677=VECTOR('',#3403,1.);
#1678=VECTOR('',#3406,1.);
#1679=VECTOR('',#3409,1.);
#1680=VECTOR('',#3416,1.);
#1681=VECTOR('',#3417,1.);
#1682=VECTOR('',#3418,1.);
#1683=VECTOR('',#3419,1.);
#1684=VECTOR('',#3420,1.);
#1685=VECTOR('',#3421,1.);
#1686=VECTOR('',#3422,1.);
#1687=VECTOR('',#3423,1.);
#1688=VECTOR('',#3426,1.);
#1689=VECTOR('',#3427,1.);
#1690=VECTOR('',#3428,1.);
#1691=VECTOR('',#3429,1.);
#1692=VECTOR('',#3432,1.);
#1693=VECTOR('',#3433,1.);
#1694=VECTOR('',#3434,1.);
#1695=VECTOR('',#3435,1.);
#1696=VECTOR('',#3436,1.);
#1697=VECTOR('',#3437,1.);
#1698=VECTOR('',#3440,1.);
#1699=VECTOR('',#3443,1.);
#1700=VECTOR('',#3446,1.);
#1701=VECTOR('',#3459,1.);
#1702=VECTOR('',#3460,1.);
#1703=VECTOR('',#3461,1.);
#1704=VECTOR('',#3464,1.);
#1705=VECTOR('',#3465,1.);
#1706=VECTOR('',#3466,1.);
#1707=VECTOR('',#3469,1.);
#1708=VECTOR('',#3470,1.);
#1709=VECTOR('',#3471,1.);
#1710=VECTOR('',#3508,1.);
#1711=VECTOR('',#3509,1.);
#1712=VECTOR('',#3510,1.);
#1713=VECTOR('',#3513,1.);
#1714=VECTOR('',#3514,1.);
#1715=VECTOR('',#3517,1.);
#1716=VECTOR('',#3518,1.);
#1717=VECTOR('',#3521,1.);
#1718=VECTOR('',#3524,1.);
#1719=VECTOR('',#3525,1.);
#1720=EDGE_LOOP('',(#232,#233,#234,#235));
#1721=EDGE_LOOP('',(#236,#237,#238,#239));
#1722=EDGE_LOOP('',(#240,#241,#242,#243));
#1723=EDGE_LOOP('',(#244,#245,#246,#247));
#1724=EDGE_LOOP('',(#248));
#1725=EDGE_LOOP('',(#249));
#1726=EDGE_LOOP('',(#250));
#1727=EDGE_LOOP('',(#251));
#1728=EDGE_LOOP('',(#252));
#1729=EDGE_LOOP('',(#253));
#1730=EDGE_LOOP('',(#254));
#1731=EDGE_LOOP('',(#255));
#1732=EDGE_LOOP('',(#256));
#1733=EDGE_LOOP('',(#257));
#1734=EDGE_LOOP('',(#258));
#1735=EDGE_LOOP('',(#259));
#1736=EDGE_LOOP('',(#260));
#1737=EDGE_LOOP('',(#261));
#1738=EDGE_LOOP('',(#262));
#1739=EDGE_LOOP('',(#263));
#1740=EDGE_LOOP('',(#264));
#1741=EDGE_LOOP('',(#265));
#1742=EDGE_LOOP('',(#266));
#1743=EDGE_LOOP('',(#267));
#1744=EDGE_LOOP('',(#268));
#1745=EDGE_LOOP('',(#269));
#1746=EDGE_LOOP('',(#270));
#1747=EDGE_LOOP('',(#271));
#1748=EDGE_LOOP('',(#272));
#1749=EDGE_LOOP('',(#273));
#1750=EDGE_LOOP('',(#274));
#1751=EDGE_LOOP('',(#275));
#1752=EDGE_LOOP('',(#276));
#1753=EDGE_LOOP('',(#277));
#1754=EDGE_LOOP('',(#278));
#1755=EDGE_LOOP('',(#279));
#1756=EDGE_LOOP('',(#280));
#1757=EDGE_LOOP('',(#281));
#1758=EDGE_LOOP('',(#282));
#1759=EDGE_LOOP('',(#283));
#1760=EDGE_LOOP('',(#284));
#1761=EDGE_LOOP('',(#285));
#1762=EDGE_LOOP('',(#286));
#1763=EDGE_LOOP('',(#287));
#1764=EDGE_LOOP('',(#288));
#1765=EDGE_LOOP('',(#289,#290,#291,#292));
#1766=EDGE_LOOP('',(#293));
#1767=EDGE_LOOP('',(#294));
#1768=EDGE_LOOP('',(#295));
#1769=EDGE_LOOP('',(#296));
#1770=EDGE_LOOP('',(#297));
#1771=EDGE_LOOP('',(#298));
#1772=EDGE_LOOP('',(#299));
#1773=EDGE_LOOP('',(#300,#301,#302,#303));
#1774=EDGE_LOOP('',(#304,#305,#306,#307));
#1775=EDGE_LOOP('',(#308));
#1776=EDGE_LOOP('',(#309));
#1777=EDGE_LOOP('',(#310));
#1778=EDGE_LOOP('',(#311));
#1779=EDGE_LOOP('',(#312));
#1780=EDGE_LOOP('',(#313));
#1781=EDGE_LOOP('',(#314));
#1782=EDGE_LOOP('',(#315));
#1783=EDGE_LOOP('',(#316));
#1784=EDGE_LOOP('',(#317));
#1785=EDGE_LOOP('',(#318));
#1786=EDGE_LOOP('',(#319));
#1787=EDGE_LOOP('',(#320));
#1788=EDGE_LOOP('',(#321));
#1789=EDGE_LOOP('',(#322));
#1790=EDGE_LOOP('',(#323));
#1791=EDGE_LOOP('',(#324));
#1792=EDGE_LOOP('',(#325));
#1793=EDGE_LOOP('',(#326));
#1794=EDGE_LOOP('',(#327));
#1795=EDGE_LOOP('',(#328));
#1796=EDGE_LOOP('',(#329));
#1797=EDGE_LOOP('',(#330));
#1798=EDGE_LOOP('',(#331));
#1799=EDGE_LOOP('',(#332));
#1800=EDGE_LOOP('',(#333));
#1801=EDGE_LOOP('',(#334));
#1802=EDGE_LOOP('',(#335));
#1803=EDGE_LOOP('',(#336));
#1804=EDGE_LOOP('',(#337));
#1805=EDGE_LOOP('',(#338));
#1806=EDGE_LOOP('',(#339));
#1807=EDGE_LOOP('',(#340));
#1808=EDGE_LOOP('',(#341));
#1809=EDGE_LOOP('',(#342));
#1810=EDGE_LOOP('',(#343));
#1811=EDGE_LOOP('',(#344));
#1812=EDGE_LOOP('',(#345));
#1813=EDGE_LOOP('',(#346));
#1814=EDGE_LOOP('',(#347));
#1815=EDGE_LOOP('',(#348));
#1816=EDGE_LOOP('',(#349,#350,#351,#352));
#1817=EDGE_LOOP('',(#353));
#1818=EDGE_LOOP('',(#354));
#1819=EDGE_LOOP('',(#355));
#1820=EDGE_LOOP('',(#356));
#1821=EDGE_LOOP('',(#357));
#1822=EDGE_LOOP('',(#358));
#1823=EDGE_LOOP('',(#359));
#1824=EDGE_LOOP('',(#360,#361,#362,#363));
#1825=EDGE_LOOP('',(#364,#365,#366,#367));
#1826=EDGE_LOOP('',(#368));
#1827=EDGE_LOOP('',(#369));
#1828=EDGE_LOOP('',(#370));
#1829=EDGE_LOOP('',(#371));
#1830=EDGE_LOOP('',(#372));
#1831=EDGE_LOOP('',(#373));
#1832=EDGE_LOOP('',(#374));
#1833=EDGE_LOOP('',(#375));
#1834=EDGE_LOOP('',(#376));
#1835=EDGE_LOOP('',(#377));
#1836=EDGE_LOOP('',(#378));
#1837=EDGE_LOOP('',(#379));
#1838=EDGE_LOOP('',(#380));
#1839=EDGE_LOOP('',(#381));
#1840=EDGE_LOOP('',(#382));
#1841=EDGE_LOOP('',(#383));
#1842=EDGE_LOOP('',(#384));
#1843=EDGE_LOOP('',(#385));
#1844=EDGE_LOOP('',(#386));
#1845=EDGE_LOOP('',(#387));
#1846=EDGE_LOOP('',(#388));
#1847=EDGE_LOOP('',(#389));
#1848=EDGE_LOOP('',(#390));
#1849=EDGE_LOOP('',(#391));
#1850=EDGE_LOOP('',(#392));
#1851=EDGE_LOOP('',(#393));
#1852=EDGE_LOOP('',(#394));
#1853=EDGE_LOOP('',(#395));
#1854=EDGE_LOOP('',(#396));
#1855=EDGE_LOOP('',(#397));
#1856=EDGE_LOOP('',(#398));
#1857=EDGE_LOOP('',(#399));
#1858=EDGE_LOOP('',(#400));
#1859=EDGE_LOOP('',(#401));
#1860=EDGE_LOOP('',(#402));
#1861=EDGE_LOOP('',(#403));
#1862=EDGE_LOOP('',(#404));
#1863=EDGE_LOOP('',(#405));
#1864=EDGE_LOOP('',(#406));
#1865=EDGE_LOOP('',(#407));
#1866=EDGE_LOOP('',(#408));
#1867=EDGE_LOOP('',(#409));
#1868=EDGE_LOOP('',(#410));
#1869=EDGE_LOOP('',(#411));
#1870=EDGE_LOOP('',(#412));
#1871=EDGE_LOOP('',(#413));
#1872=EDGE_LOOP('',(#414));
#1873=EDGE_LOOP('',(#415));
#1874=EDGE_LOOP('',(#416));
#1875=EDGE_LOOP('',(#417));
#1876=EDGE_LOOP('',(#418));
#1877=EDGE_LOOP('',(#419));
#1878=EDGE_LOOP('',(#420));
#1879=EDGE_LOOP('',(#421));
#1880=EDGE_LOOP('',(#422));
#1881=EDGE_LOOP('',(#423));
#1882=EDGE_LOOP('',(#424));
#1883=EDGE_LOOP('',(#425));
#1884=EDGE_LOOP('',(#426));
#1885=EDGE_LOOP('',(#427));
#1886=EDGE_LOOP('',(#428));
#1887=EDGE_LOOP('',(#429));
#1888=EDGE_LOOP('',(#430));
#1889=EDGE_LOOP('',(#431));
#1890=EDGE_LOOP('',(#432));
#1891=EDGE_LOOP('',(#433));
#1892=EDGE_LOOP('',(#434));
#1893=EDGE_LOOP('',(#435));
#1894=EDGE_LOOP('',(#436));
#1895=EDGE_LOOP('',(#437));
#1896=EDGE_LOOP('',(#438));
#1897=EDGE_LOOP('',(#439));
#1898=EDGE_LOOP('',(#440));
#1899=EDGE_LOOP('',(#441));
#1900=EDGE_LOOP('',(#442));
#1901=EDGE_LOOP('',(#443));
#1902=EDGE_LOOP('',(#444));
#1903=EDGE_LOOP('',(#445));
#1904=EDGE_LOOP('',(#446));
#1905=EDGE_LOOP('',(#447));
#1906=EDGE_LOOP('',(#448));
#1907=EDGE_LOOP('',(#449));
#1908=EDGE_LOOP('',(#450,#451,#452,#453));
#1909=EDGE_LOOP('',(#454,#455,#456,#457));
#1910=EDGE_LOOP('',(#458,#459,#460,#461));
#1911=EDGE_LOOP('',(#462,#463,#464,#465));
#1912=EDGE_LOOP('',(#466));
#1913=EDGE_LOOP('',(#467));
#1914=EDGE_LOOP('',(#468));
#1915=EDGE_LOOP('',(#469));
#1916=EDGE_LOOP('',(#470));
#1917=EDGE_LOOP('',(#471));
#1918=EDGE_LOOP('',(#472));
#1919=EDGE_LOOP('',(#473));
#1920=EDGE_LOOP('',(#474));
#1921=EDGE_LOOP('',(#475));
#1922=EDGE_LOOP('',(#476));
#1923=EDGE_LOOP('',(#477));
#1924=EDGE_LOOP('',(#478));
#1925=EDGE_LOOP('',(#479));
#1926=EDGE_LOOP('',(#480,#481,#482,#483));
#1927=EDGE_LOOP('',(#484,#485,#486,#487));
#1928=EDGE_LOOP('',(#488,#489,#490,#491));
#1929=EDGE_LOOP('',(#492,#493,#494,#495));
#1930=EDGE_LOOP('',(#496,#497,#498,#499));
#1931=EDGE_LOOP('',(#500,#501,#502,#503));
#1932=EDGE_LOOP('',(#504,#505,#506,#507));
#1933=EDGE_LOOP('',(#508,#509,#510,#511));
#1934=EDGE_LOOP('',(#512,#513,#514,#515));
#1935=EDGE_LOOP('',(#516,#517,#518,#519));
#1936=EDGE_LOOP('',(#520,#521,#522,#523));
#1937=EDGE_LOOP('',(#524,#525,#526,#527));
#1938=EDGE_LOOP('',(#528,#529,#530,#531));
#1939=EDGE_LOOP('',(#532,#533,#534,#535));
#1940=EDGE_LOOP('',(#536,#537,#538,#539));
#1941=EDGE_LOOP('',(#540));
#1942=EDGE_LOOP('',(#541));
#1943=EDGE_LOOP('',(#542));
#1944=EDGE_LOOP('',(#543));
#1945=EDGE_LOOP('',(#544,#545,#546,#547,#548,#549,#550,#551));
#1946=EDGE_LOOP('',(#552,#553,#554,#555));
#1947=EDGE_LOOP('',(#556,#557,#558,#559));
#1948=EDGE_LOOP('',(#560,#561,#562,#563));
#1949=EDGE_LOOP('',(#564,#565,#566,#567));
#1950=EDGE_LOOP('',(#568,#569,#570,#571));
#1951=EDGE_LOOP('',(#572,#573,#574,#575));
#1952=EDGE_LOOP('',(#576,#577,#578,#579));
#1953=EDGE_LOOP('',(#580));
#1954=EDGE_LOOP('',(#581));
#1955=EDGE_LOOP('',(#582));
#1956=EDGE_LOOP('',(#583));
#1957=EDGE_LOOP('',(#584,#585,#586,#587,#588,#589,#590,#591));
#1958=EDGE_LOOP('',(#592,#593,#594,#595));
#1959=EDGE_LOOP('',(#596,#597,#598,#599));
#1960=EDGE_LOOP('',(#600,#601,#602,#603));
#1961=EDGE_LOOP('',(#604,#605,#606,#607));
#1962=EDGE_LOOP('',(#608));
#1963=EDGE_LOOP('',(#609));
#1964=EDGE_LOOP('',(#610));
#1965=EDGE_LOOP('',(#611));
#1966=EDGE_LOOP('',(#612));
#1967=EDGE_LOOP('',(#613));
#1968=EDGE_LOOP('',(#614));
#1969=EDGE_LOOP('',(#615));
#1970=EDGE_LOOP('',(#616,#617,#618,#619));
#1971=EDGE_LOOP('',(#620,#621,#622,#623));
#1972=EDGE_LOOP('',(#624,#625,#626,#627));
#1973=EDGE_LOOP('',(#628,#629,#630,#631));
#1974=EDGE_LOOP('',(#632,#633,#634,#635));
#1975=EDGE_LOOP('',(#636,#637,#638,#639));
#1976=EDGE_LOOP('',(#640,#641,#642,#643));
#1977=EDGE_LOOP('',(#644,#645,#646,#647));
#1978=EDGE_LOOP('',(#648,#649,#650,#651));
#1979=EDGE_LOOP('',(#652,#653,#654,#655));
#1980=EDGE_LOOP('',(#656,#657,#658,#659));
#1981=EDGE_LOOP('',(#660,#661,#662,#663));
#1982=EDGE_LOOP('',(#664,#665,#666,#667));
#1983=EDGE_LOOP('',(#668,#669,#670,#671));
#1984=EDGE_LOOP('',(#672,#673,#674,#675));
#1985=EDGE_LOOP('',(#676,#677,#678,#679));
#1986=EDGE_LOOP('',(#680,#681,#682,#683));
#1987=EDGE_LOOP('',(#684,#685,#686,#687));
#1988=EDGE_LOOP('',(#688,#689,#690,#691));
#1989=EDGE_LOOP('',(#692,#693,#694,#695));
#1990=EDGE_LOOP('',(#696,#697,#698,#699));
#1991=EDGE_LOOP('',(#700,#701,#702,#703));
#1992=EDGE_LOOP('',(#704,#705,#706,#707));
#1993=EDGE_LOOP('',(#708,#709,#710,#711));
#1994=EDGE_LOOP('',(#712,#713,#714,#715));
#1995=EDGE_LOOP('',(#716,#717,#718,#719));
#1996=EDGE_LOOP('',(#720,#721,#722,#723));
#1997=EDGE_LOOP('',(#724,#725,#726,#727));
#1998=EDGE_LOOP('',(#728,#729,#730,#731,#732,#733,#734,#735));
#1999=EDGE_LOOP('',(#736,#737,#738,#739));
#2000=EDGE_LOOP('',(#740,#741,#742,#743,#744,#745,#746,#747,#748,#749,#750,
#751,#752,#753,#754,#755));
#2001=EDGE_LOOP('',(#756));
#2002=EDGE_LOOP('',(#757));
#2003=EDGE_LOOP('',(#758));
#2004=EDGE_LOOP('',(#759));
#2005=EDGE_LOOP('',(#760,#761,#762,#763));
#2006=EDGE_LOOP('',(#764,#765,#766,#767));
#2007=EDGE_LOOP('',(#768,#769,#770,#771));
#2008=EDGE_LOOP('',(#772));
#2009=EDGE_LOOP('',(#773));
#2010=EDGE_LOOP('',(#774));
#2011=EDGE_LOOP('',(#775));
#2012=EDGE_LOOP('',(#776,#777,#778,#779,#780,#781,#782,#783));
#2013=EDGE_LOOP('',(#784,#785,#786,#787));
#2014=EDGE_LOOP('',(#788,#789,#790,#791));
#2015=EDGE_LOOP('',(#792,#793,#794,#795));
#2016=EDGE_LOOP('',(#796,#797,#798,#799));
#2017=EDGE_LOOP('',(#800));
#2018=EDGE_LOOP('',(#801));
#2019=EDGE_LOOP('',(#802));
#2020=EDGE_LOOP('',(#803));
#2021=EDGE_LOOP('',(#804));
#2022=EDGE_LOOP('',(#805));
#2023=EDGE_LOOP('',(#806));
#2024=EDGE_LOOP('',(#807));
#2025=EDGE_LOOP('',(#808,#809,#810,#811));
#2026=EDGE_LOOP('',(#812,#813,#814,#815));
#2027=EDGE_LOOP('',(#816,#817,#818,#819));
#2028=EDGE_LOOP('',(#820,#821,#822,#823));
#2029=EDGE_LOOP('',(#824,#825,#826,#827,#828,#829,#830,#831));
#2030=EDGE_LOOP('',(#832,#833,#834,#835));
#2031=EDGE_LOOP('',(#836,#837,#838,#839));
#2032=FACE_BOUND('',#1720,.T.);
#2033=FACE_BOUND('',#1721,.T.);
#2034=FACE_BOUND('',#1722,.T.);
#2035=FACE_BOUND('',#1723,.T.);
#2036=FACE_BOUND('',#1724,.T.);
#2037=FACE_BOUND('',#1725,.T.);
#2038=FACE_BOUND('',#1726,.T.);
#2039=FACE_BOUND('',#1727,.T.);
#2040=FACE_BOUND('',#1728,.T.);
#2041=FACE_BOUND('',#1729,.T.);
#2042=FACE_BOUND('',#1730,.T.);
#2043=FACE_BOUND('',#1731,.T.);
#2044=FACE_BOUND('',#1732,.T.);
#2045=FACE_BOUND('',#1733,.T.);
#2046=FACE_BOUND('',#1734,.T.);
#2047=FACE_BOUND('',#1735,.T.);
#2048=FACE_BOUND('',#1736,.T.);
#2049=FACE_BOUND('',#1737,.T.);
#2050=FACE_BOUND('',#1738,.T.);
#2051=FACE_BOUND('',#1739,.T.);
#2052=FACE_BOUND('',#1740,.T.);
#2053=FACE_BOUND('',#1741,.T.);
#2054=FACE_BOUND('',#1742,.T.);
#2055=FACE_BOUND('',#1743,.T.);
#2056=FACE_BOUND('',#1744,.T.);
#2057=FACE_BOUND('',#1745,.T.);
#2058=FACE_BOUND('',#1746,.T.);
#2059=FACE_BOUND('',#1747,.T.);
#2060=FACE_BOUND('',#1748,.T.);
#2061=FACE_BOUND('',#1749,.T.);
#2062=FACE_BOUND('',#1750,.T.);
#2063=FACE_BOUND('',#1751,.T.);
#2064=FACE_BOUND('',#1752,.T.);
#2065=FACE_BOUND('',#1753,.T.);
#2066=FACE_BOUND('',#1754,.T.);
#2067=FACE_BOUND('',#1755,.T.);
#2068=FACE_BOUND('',#1756,.T.);
#2069=FACE_BOUND('',#1757,.T.);
#2070=FACE_BOUND('',#1758,.T.);
#2071=FACE_BOUND('',#1759,.T.);
#2072=FACE_BOUND('',#1760,.T.);
#2073=FACE_BOUND('',#1761,.T.);
#2074=FACE_BOUND('',#1762,.T.);
#2075=FACE_BOUND('',#1763,.T.);
#2076=FACE_BOUND('',#1764,.T.);
#2077=FACE_BOUND('',#1765,.T.);
#2078=FACE_BOUND('',#1766,.T.);
#2079=FACE_BOUND('',#1767,.T.);
#2080=FACE_BOUND('',#1768,.T.);
#2081=FACE_BOUND('',#1769,.T.);
#2082=FACE_BOUND('',#1770,.T.);
#2083=FACE_BOUND('',#1771,.T.);
#2084=FACE_BOUND('',#1772,.T.);
#2085=FACE_BOUND('',#1773,.T.);
#2086=FACE_BOUND('',#1774,.T.);
#2087=FACE_BOUND('',#1775,.T.);
#2088=FACE_BOUND('',#1776,.T.);
#2089=FACE_BOUND('',#1777,.T.);
#2090=FACE_BOUND('',#1778,.T.);
#2091=FACE_BOUND('',#1779,.T.);
#2092=FACE_BOUND('',#1780,.T.);
#2093=FACE_BOUND('',#1781,.T.);
#2094=FACE_BOUND('',#1782,.T.);
#2095=FACE_BOUND('',#1783,.T.);
#2096=FACE_BOUND('',#1784,.T.);
#2097=FACE_BOUND('',#1785,.T.);
#2098=FACE_BOUND('',#1786,.T.);
#2099=FACE_BOUND('',#1787,.T.);
#2100=FACE_BOUND('',#1788,.T.);
#2101=FACE_BOUND('',#1789,.T.);
#2102=FACE_BOUND('',#1790,.T.);
#2103=FACE_BOUND('',#1791,.T.);
#2104=FACE_BOUND('',#1792,.T.);
#2105=FACE_BOUND('',#1793,.T.);
#2106=FACE_BOUND('',#1794,.T.);
#2107=FACE_BOUND('',#1795,.T.);
#2108=FACE_BOUND('',#1796,.T.);
#2109=FACE_BOUND('',#1797,.T.);
#2110=FACE_BOUND('',#1798,.T.);
#2111=FACE_BOUND('',#1799,.T.);
#2112=FACE_BOUND('',#1800,.T.);
#2113=FACE_BOUND('',#1801,.T.);
#2114=FACE_BOUND('',#1802,.T.);
#2115=FACE_BOUND('',#1803,.T.);
#2116=FACE_BOUND('',#1804,.T.);
#2117=FACE_BOUND('',#1805,.T.);
#2118=FACE_BOUND('',#1806,.T.);
#2119=FACE_BOUND('',#1807,.T.);
#2120=FACE_BOUND('',#1808,.T.);
#2121=FACE_BOUND('',#1809,.T.);
#2122=FACE_BOUND('',#1810,.T.);
#2123=FACE_BOUND('',#1811,.T.);
#2124=FACE_BOUND('',#1812,.T.);
#2125=FACE_BOUND('',#1813,.T.);
#2126=FACE_BOUND('',#1814,.T.);
#2127=FACE_BOUND('',#1815,.T.);
#2128=FACE_BOUND('',#1816,.T.);
#2129=FACE_BOUND('',#1817,.T.);
#2130=FACE_BOUND('',#1818,.T.);
#2131=FACE_BOUND('',#1819,.T.);
#2132=FACE_BOUND('',#1820,.T.);
#2133=FACE_BOUND('',#1821,.T.);
#2134=FACE_BOUND('',#1822,.T.);
#2135=FACE_BOUND('',#1823,.T.);
#2136=FACE_BOUND('',#1824,.T.);
#2137=FACE_BOUND('',#1825,.T.);
#2138=FACE_BOUND('',#1826,.T.);
#2139=FACE_BOUND('',#1827,.T.);
#2140=FACE_BOUND('',#1828,.T.);
#2141=FACE_BOUND('',#1829,.T.);
#2142=FACE_BOUND('',#1830,.T.);
#2143=FACE_BOUND('',#1831,.T.);
#2144=FACE_BOUND('',#1832,.T.);
#2145=FACE_BOUND('',#1833,.T.);
#2146=FACE_BOUND('',#1834,.T.);
#2147=FACE_BOUND('',#1835,.T.);
#2148=FACE_BOUND('',#1836,.T.);
#2149=FACE_BOUND('',#1837,.T.);
#2150=FACE_BOUND('',#1838,.T.);
#2151=FACE_BOUND('',#1839,.T.);
#2152=FACE_BOUND('',#1840,.T.);
#2153=FACE_BOUND('',#1841,.T.);
#2154=FACE_BOUND('',#1842,.T.);
#2155=FACE_BOUND('',#1843,.T.);
#2156=FACE_BOUND('',#1844,.T.);
#2157=FACE_BOUND('',#1845,.T.);
#2158=FACE_BOUND('',#1846,.T.);
#2159=FACE_BOUND('',#1847,.T.);
#2160=FACE_BOUND('',#1848,.T.);
#2161=FACE_BOUND('',#1849,.T.);
#2162=FACE_BOUND('',#1850,.T.);
#2163=FACE_BOUND('',#1851,.T.);
#2164=FACE_BOUND('',#1852,.T.);
#2165=FACE_BOUND('',#1853,.T.);
#2166=FACE_BOUND('',#1854,.T.);
#2167=FACE_BOUND('',#1855,.T.);
#2168=FACE_BOUND('',#1856,.T.);
#2169=FACE_BOUND('',#1857,.T.);
#2170=FACE_BOUND('',#1858,.T.);
#2171=FACE_BOUND('',#1859,.T.);
#2172=FACE_BOUND('',#1860,.T.);
#2173=FACE_BOUND('',#1861,.T.);
#2174=FACE_BOUND('',#1862,.T.);
#2175=FACE_BOUND('',#1863,.T.);
#2176=FACE_BOUND('',#1864,.T.);
#2177=FACE_BOUND('',#1865,.T.);
#2178=FACE_BOUND('',#1866,.T.);
#2179=FACE_BOUND('',#1867,.T.);
#2180=FACE_BOUND('',#1868,.T.);
#2181=FACE_BOUND('',#1869,.T.);
#2182=FACE_BOUND('',#1870,.T.);
#2183=FACE_BOUND('',#1871,.T.);
#2184=FACE_BOUND('',#1872,.T.);
#2185=FACE_BOUND('',#1873,.T.);
#2186=FACE_BOUND('',#1874,.T.);
#2187=FACE_BOUND('',#1875,.T.);
#2188=FACE_BOUND('',#1876,.T.);
#2189=FACE_BOUND('',#1877,.T.);
#2190=FACE_BOUND('',#1878,.T.);
#2191=FACE_BOUND('',#1879,.T.);
#2192=FACE_BOUND('',#1880,.T.);
#2193=FACE_BOUND('',#1881,.T.);
#2194=FACE_BOUND('',#1882,.T.);
#2195=FACE_BOUND('',#1883,.T.);
#2196=FACE_BOUND('',#1884,.T.);
#2197=FACE_BOUND('',#1885,.T.);
#2198=FACE_BOUND('',#1886,.T.);
#2199=FACE_BOUND('',#1887,.T.);
#2200=FACE_BOUND('',#1888,.T.);
#2201=FACE_BOUND('',#1889,.T.);
#2202=FACE_BOUND('',#1890,.T.);
#2203=FACE_BOUND('',#1891,.T.);
#2204=FACE_BOUND('',#1892,.T.);
#2205=FACE_BOUND('',#1893,.T.);
#2206=FACE_BOUND('',#1894,.T.);
#2207=FACE_BOUND('',#1895,.T.);
#2208=FACE_BOUND('',#1896,.T.);
#2209=FACE_BOUND('',#1897,.T.);
#2210=FACE_BOUND('',#1898,.T.);
#2211=FACE_BOUND('',#1899,.T.);
#2212=FACE_BOUND('',#1900,.T.);
#2213=FACE_BOUND('',#1901,.T.);
#2214=FACE_BOUND('',#1902,.T.);
#2215=FACE_BOUND('',#1903,.T.);
#2216=FACE_BOUND('',#1904,.T.);
#2217=FACE_BOUND('',#1905,.T.);
#2218=FACE_BOUND('',#1906,.T.);
#2219=FACE_BOUND('',#1907,.T.);
#2220=FACE_BOUND('',#1908,.T.);
#2221=FACE_BOUND('',#1909,.T.);
#2222=FACE_BOUND('',#1910,.T.);
#2223=FACE_BOUND('',#1911,.T.);
#2224=FACE_BOUND('',#1912,.T.);
#2225=FACE_BOUND('',#1913,.T.);
#2226=FACE_BOUND('',#1914,.T.);
#2227=FACE_BOUND('',#1915,.T.);
#2228=FACE_BOUND('',#1916,.T.);
#2229=FACE_BOUND('',#1917,.T.);
#2230=FACE_BOUND('',#1918,.T.);
#2231=FACE_BOUND('',#1919,.T.);
#2232=FACE_BOUND('',#1920,.T.);
#2233=FACE_BOUND('',#1921,.T.);
#2234=FACE_BOUND('',#1922,.T.);
#2235=FACE_BOUND('',#1923,.T.);
#2236=FACE_BOUND('',#1924,.T.);
#2237=FACE_BOUND('',#1925,.T.);
#2238=FACE_BOUND('',#1926,.T.);
#2239=FACE_BOUND('',#1927,.T.);
#2240=FACE_BOUND('',#1928,.T.);
#2241=FACE_BOUND('',#1929,.T.);
#2242=FACE_BOUND('',#1930,.T.);
#2243=FACE_BOUND('',#1931,.T.);
#2244=FACE_BOUND('',#1932,.T.);
#2245=FACE_BOUND('',#1933,.T.);
#2246=FACE_BOUND('',#1934,.T.);
#2247=FACE_BOUND('',#1935,.T.);
#2248=FACE_BOUND('',#1936,.T.);
#2249=FACE_BOUND('',#1937,.T.);
#2250=FACE_BOUND('',#1938,.T.);
#2251=FACE_BOUND('',#1939,.T.);
#2252=FACE_BOUND('',#1940,.T.);
#2253=FACE_BOUND('',#1941,.T.);
#2254=FACE_BOUND('',#1942,.T.);
#2255=FACE_BOUND('',#1943,.T.);
#2256=FACE_BOUND('',#1944,.T.);
#2257=FACE_BOUND('',#1945,.T.);
#2258=FACE_BOUND('',#1946,.T.);
#2259=FACE_BOUND('',#1947,.T.);
#2260=FACE_BOUND('',#1948,.T.);
#2261=FACE_BOUND('',#1949,.T.);
#2262=FACE_BOUND('',#1950,.T.);
#2263=FACE_BOUND('',#1951,.T.);
#2264=FACE_BOUND('',#1952,.T.);
#2265=FACE_BOUND('',#1953,.T.);
#2266=FACE_BOUND('',#1954,.T.);
#2267=FACE_BOUND('',#1955,.T.);
#2268=FACE_BOUND('',#1956,.T.);
#2269=FACE_BOUND('',#1957,.T.);
#2270=FACE_BOUND('',#1958,.T.);
#2271=FACE_BOUND('',#1959,.T.);
#2272=FACE_BOUND('',#1960,.T.);
#2273=FACE_BOUND('',#1961,.T.);
#2274=FACE_BOUND('',#1962,.T.);
#2275=FACE_BOUND('',#1963,.T.);
#2276=FACE_BOUND('',#1964,.T.);
#2277=FACE_BOUND('',#1965,.T.);
#2278=FACE_BOUND('',#1966,.T.);
#2279=FACE_BOUND('',#1967,.T.);
#2280=FACE_BOUND('',#1968,.T.);
#2281=FACE_BOUND('',#1969,.T.);
#2282=FACE_BOUND('',#1970,.T.);
#2283=FACE_BOUND('',#1971,.T.);
#2284=FACE_BOUND('',#1972,.T.);
#2285=FACE_BOUND('',#1973,.T.);
#2286=FACE_BOUND('',#1974,.T.);
#2287=FACE_BOUND('',#1975,.T.);
#2288=FACE_BOUND('',#1976,.T.);
#2289=FACE_BOUND('',#1977,.T.);
#2290=FACE_BOUND('',#1978,.T.);
#2291=FACE_BOUND('',#1979,.T.);
#2292=FACE_BOUND('',#1980,.T.);
#2293=FACE_BOUND('',#1981,.T.);
#2294=FACE_BOUND('',#1982,.T.);
#2295=FACE_BOUND('',#1983,.T.);
#2296=FACE_BOUND('',#1984,.T.);
#2297=FACE_BOUND('',#1985,.T.);
#2298=FACE_BOUND('',#1986,.T.);
#2299=FACE_BOUND('',#1987,.T.);
#2300=FACE_BOUND('',#1988,.T.);
#2301=FACE_BOUND('',#1989,.T.);
#2302=FACE_BOUND('',#1990,.T.);
#2303=FACE_BOUND('',#1991,.T.);
#2304=FACE_BOUND('',#1992,.T.);
#2305=FACE_BOUND('',#1993,.T.);
#2306=FACE_BOUND('',#1994,.T.);
#2307=FACE_BOUND('',#1995,.T.);
#2308=FACE_BOUND('',#1996,.T.);
#2309=FACE_BOUND('',#1997,.T.);
#2310=FACE_BOUND('',#1998,.T.);
#2311=FACE_BOUND('',#1999,.T.);
#2312=FACE_BOUND('',#2000,.T.);
#2313=FACE_BOUND('',#2001,.T.);
#2314=FACE_BOUND('',#2002,.T.);
#2315=FACE_BOUND('',#2003,.T.);
#2316=FACE_BOUND('',#2004,.T.);
#2317=FACE_BOUND('',#2005,.T.);
#2318=FACE_BOUND('',#2006,.T.);
#2319=FACE_BOUND('',#2007,.T.);
#2320=FACE_BOUND('',#2008,.T.);
#2321=FACE_BOUND('',#2009,.T.);
#2322=FACE_BOUND('',#2010,.T.);
#2323=FACE_BOUND('',#2011,.T.);
#2324=FACE_BOUND('',#2012,.T.);
#2325=FACE_BOUND('',#2013,.T.);
#2326=FACE_BOUND('',#2014,.T.);
#2327=FACE_BOUND('',#2015,.T.);
#2328=FACE_BOUND('',#2016,.T.);
#2329=FACE_BOUND('',#2017,.T.);
#2330=FACE_BOUND('',#2018,.T.);
#2331=FACE_BOUND('',#2019,.T.);
#2332=FACE_BOUND('',#2020,.T.);
#2333=FACE_BOUND('',#2021,.T.);
#2334=FACE_BOUND('',#2022,.T.);
#2335=FACE_BOUND('',#2023,.T.);
#2336=FACE_BOUND('',#2024,.T.);
#2337=FACE_BOUND('',#2025,.T.);
#2338=FACE_BOUND('',#2026,.T.);
#2339=FACE_BOUND('',#2027,.T.);
#2340=FACE_BOUND('',#2028,.T.);
#2341=FACE_BOUND('',#2029,.T.);
#2342=FACE_BOUND('',#2030,.T.);
#2343=FACE_BOUND('',#2031,.T.);
#2344=PLANE('',#2567);
#2345=PLANE('',#2568);
#2346=PLANE('',#2569);
#2347=PLANE('',#2570);
#2348=PLANE('',#2623);
#2349=PLANE('',#2676);
#2350=PLANE('',#2719);
#2351=PLANE('',#2721);
#2352=PLANE('',#2730);
#2353=PLANE('',#2732);
#2354=PLANE('',#2734);
#2355=PLANE('',#2735);
#2356=PLANE('',#2736);
#2357=PLANE('',#2737);
#2358=PLANE('',#2738);
#2359=PLANE('',#2747);
#2360=PLANE('',#2764);
#2361=PLANE('',#2765);
#2362=PLANE('',#2766);
#2363=PLANE('',#2767);
#2364=PLANE('',#2768);
#2365=PLANE('',#2769);
#2366=PLANE('',#2770);
#2367=PLANE('',#2771);
#2368=PLANE('',#2772);
#2369=PLANE('',#2773);
#2370=PLANE('',#2774);
#2371=PLANE('',#2775);
#2372=PLANE('',#2776);
#2373=PLANE('',#2777);
#2374=PLANE('',#2778);
#2375=PLANE('',#2779);
#2376=PLANE('',#2780);
#2377=PLANE('',#2781);
#2378=PLANE('',#2782);
#2379=PLANE('',#2783);
#2380=PLANE('',#2784);
#2381=PLANE('',#2785);
#2382=PLANE('',#2786);
#2383=PLANE('',#2787);
#2384=PLANE('',#2788);
#2385=PLANE('',#2789);
#2386=PLANE('',#2790);
#2387=PLANE('',#2791);
#2388=PLANE('',#2793);
#2389=PLANE('',#2794);
#2390=PLANE('',#2795);
#2391=PLANE('',#2804);
#2392=PLANE('',#2805);
#2393=PLANE('',#2806);
#2394=PLANE('',#2807);
#2395=PLANE('',#2824);
#2396=PLANE('',#2825);
#2397=PLANE('',#2826);
#2398=PLANE('',#2827);
#2399=PLANE('',#2828);
#2400=PLANE('',#2829);
#2401=PLANE('',#2830);
#2402=ADVANCED_FACE('',(#2032),#2344,.T.);
#2403=ADVANCED_FACE('',(#2033),#2345,.T.);
#2404=ADVANCED_FACE('',(#2034),#2346,.T.);
#2405=ADVANCED_FACE('',(#2035,#2036,#2037,#2038,#2039,#2040,#2041,#2042,
#2043,#2044,#2045,#2046,#2047,#2048,#2049,#2050,#2051,#2052,#2053,#2054,
#2055,#2056,#2057,#2058,#2059,#2060,#2061,#2062,#2063,#2064,#2065,#2066,
#2067,#2068,#2069,#2070,#2071,#2072,#2073,#2074,#2075,#2076,#2077,#2078,
#2079,#2080,#2081,#2082,#2083,#2084,#2085),#2347,.F.);
#2406=ADVANCED_FACE('',(#2086,#2087,#2088,#2089,#2090,#2091,#2092,#2093,
#2094,#2095,#2096,#2097,#2098,#2099,#2100,#2101,#2102,#2103,#2104,#2105,
#2106,#2107,#2108,#2109,#2110,#2111,#2112,#2113,#2114,#2115,#2116,#2117,
#2118,#2119,#2120,#2121,#2122,#2123,#2124,#2125,#2126,#2127,#2128,#2129,
#2130,#2131,#2132,#2133,#2134,#2135,#2136),#2348,.T.);
#2407=ADVANCED_FACE('',(#2137),#2349,.T.);
#2408=ADVANCED_FACE('',(#2138,#2139),#28,.F.);
#2409=ADVANCED_FACE('',(#2140,#2141),#29,.F.);
#2410=ADVANCED_FACE('',(#2142,#2143),#30,.F.);
#2411=ADVANCED_FACE('',(#2144,#2145),#31,.F.);
#2412=ADVANCED_FACE('',(#2146,#2147),#32,.F.);
#2413=ADVANCED_FACE('',(#2148,#2149),#33,.F.);
#2414=ADVANCED_FACE('',(#2150,#2151),#34,.F.);
#2415=ADVANCED_FACE('',(#2152,#2153),#35,.F.);
#2416=ADVANCED_FACE('',(#2154,#2155),#36,.F.);
#2417=ADVANCED_FACE('',(#2156,#2157),#37,.F.);
#2418=ADVANCED_FACE('',(#2158,#2159),#38,.F.);
#2419=ADVANCED_FACE('',(#2160,#2161),#39,.F.);
#2420=ADVANCED_FACE('',(#2162,#2163),#40,.F.);
#2421=ADVANCED_FACE('',(#2164,#2165),#41,.F.);
#2422=ADVANCED_FACE('',(#2166,#2167),#42,.F.);
#2423=ADVANCED_FACE('',(#2168,#2169),#43,.F.);
#2424=ADVANCED_FACE('',(#2170,#2171),#44,.F.);
#2425=ADVANCED_FACE('',(#2172,#2173),#45,.F.);
#2426=ADVANCED_FACE('',(#2174,#2175),#46,.F.);
#2427=ADVANCED_FACE('',(#2176,#2177),#47,.F.);
#2428=ADVANCED_FACE('',(#2178,#2179),#48,.F.);
#2429=ADVANCED_FACE('',(#2180,#2181),#49,.F.);
#2430=ADVANCED_FACE('',(#2182,#2183),#50,.F.);
#2431=ADVANCED_FACE('',(#2184,#2185),#51,.F.);
#2432=ADVANCED_FACE('',(#2186,#2187),#52,.F.);
#2433=ADVANCED_FACE('',(#2188,#2189),#53,.F.);
#2434=ADVANCED_FACE('',(#2190,#2191),#54,.F.);
#2435=ADVANCED_FACE('',(#2192,#2193),#55,.F.);
#2436=ADVANCED_FACE('',(#2194,#2195),#56,.F.);
#2437=ADVANCED_FACE('',(#2196,#2197),#57,.F.);
#2438=ADVANCED_FACE('',(#2198,#2199),#58,.F.);
#2439=ADVANCED_FACE('',(#2200,#2201),#59,.F.);
#2440=ADVANCED_FACE('',(#2202,#2203),#60,.F.);
#2441=ADVANCED_FACE('',(#2204,#2205),#61,.F.);
#2442=ADVANCED_FACE('',(#2206,#2207),#62,.F.);
#2443=ADVANCED_FACE('',(#2208,#2209),#63,.F.);
#2444=ADVANCED_FACE('',(#2210,#2211),#64,.F.);
#2445=ADVANCED_FACE('',(#2212,#2213),#65,.F.);
#2446=ADVANCED_FACE('',(#2214,#2215),#66,.F.);
#2447=ADVANCED_FACE('',(#2216,#2217),#67,.F.);
#2448=ADVANCED_FACE('',(#2218,#2219),#68,.F.);
#2449=ADVANCED_FACE('',(#2220),#69,.F.);
#2450=ADVANCED_FACE('',(#2221),#2350,.T.);
#2451=ADVANCED_FACE('',(#2222),#70,.F.);
#2452=ADVANCED_FACE('',(#2223),#2351,.T.);
#2453=ADVANCED_FACE('',(#2224,#2225),#71,.F.);
#2454=ADVANCED_FACE('',(#2226,#2227),#72,.F.);
#2455=ADVANCED_FACE('',(#2228,#2229),#73,.F.);
#2456=ADVANCED_FACE('',(#2230,#2231),#74,.F.);
#2457=ADVANCED_FACE('',(#2232,#2233),#75,.F.);
#2458=ADVANCED_FACE('',(#2234,#2235),#76,.F.);
#2459=ADVANCED_FACE('',(#2236,#2237),#77,.F.);
#2460=ADVANCED_FACE('',(#2238),#78,.F.);
#2461=ADVANCED_FACE('',(#2239),#2352,.T.);
#2462=ADVANCED_FACE('',(#2240),#79,.F.);
#2463=ADVANCED_FACE('',(#2241),#2353,.T.);
#2464=ADVANCED_FACE('',(#2242),#2354,.T.);
#2465=ADVANCED_FACE('',(#2243),#2355,.F.);
#2466=ADVANCED_FACE('',(#2244),#2356,.F.);
#2467=ADVANCED_FACE('',(#2245),#2357,.T.);
#2468=ADVANCED_FACE('',(#2246,#2247,#2248,#2249,#2250,#2251,#2252,#2253,
#2254,#2255,#2256,#2257),#2358,.T.);
#2469=ADVANCED_FACE('',(#2258,#2259,#2260,#2261,#2262,#2263,#2264,#2265,
#2266,#2267,#2268,#2269),#2359,.F.);
#2470=ADVANCED_FACE('',(#2270),#80,.T.);
#2471=ADVANCED_FACE('',(#2271),#81,.T.);
#2472=ADVANCED_FACE('',(#2272),#82,.T.);
#2473=ADVANCED_FACE('',(#2273),#83,.T.);
#2474=ADVANCED_FACE('',(#2274,#2275),#84,.F.);
#2475=ADVANCED_FACE('',(#2276,#2277),#85,.F.);
#2476=ADVANCED_FACE('',(#2278,#2279),#86,.F.);
#2477=ADVANCED_FACE('',(#2280,#2281),#87,.F.);
#2478=ADVANCED_FACE('',(#2282),#2360,.F.);
#2479=ADVANCED_FACE('',(#2283),#2361,.T.);
#2480=ADVANCED_FACE('',(#2284),#2362,.T.);
#2481=ADVANCED_FACE('',(#2285),#2363,.F.);
#2482=ADVANCED_FACE('',(#2286),#2364,.F.);
#2483=ADVANCED_FACE('',(#2287),#2365,.T.);
#2484=ADVANCED_FACE('',(#2288),#2366,.T.);
#2485=ADVANCED_FACE('',(#2289),#2367,.F.);
#2486=ADVANCED_FACE('',(#2290),#2368,.F.);
#2487=ADVANCED_FACE('',(#2291),#2369,.T.);
#2488=ADVANCED_FACE('',(#2292),#2370,.T.);
#2489=ADVANCED_FACE('',(#2293),#2371,.F.);
#2490=ADVANCED_FACE('',(#2294),#2372,.F.);
#2491=ADVANCED_FACE('',(#2295),#2373,.T.);
#2492=ADVANCED_FACE('',(#2296),#2374,.T.);
#2493=ADVANCED_FACE('',(#2297),#2375,.F.);
#2494=ADVANCED_FACE('',(#2298),#2376,.F.);
#2495=ADVANCED_FACE('',(#2299),#2377,.T.);
#2496=ADVANCED_FACE('',(#2300),#2378,.T.);
#2497=ADVANCED_FACE('',(#2301),#2379,.F.);
#2498=ADVANCED_FACE('',(#2302),#2380,.F.);
#2499=ADVANCED_FACE('',(#2303),#2381,.T.);
#2500=ADVANCED_FACE('',(#2304),#2382,.T.);
#2501=ADVANCED_FACE('',(#2305),#2383,.F.);
#2502=ADVANCED_FACE('',(#2306),#2384,.F.);
#2503=ADVANCED_FACE('',(#2307),#2385,.T.);
#2504=ADVANCED_FACE('',(#2308),#2386,.T.);
#2505=ADVANCED_FACE('',(#2309),#2387,.F.);
#2506=ADVANCED_FACE('',(#2310),#2388,.T.);
#2507=ADVANCED_FACE('',(#2311),#2389,.T.);
#2508=ADVANCED_FACE('',(#2312,#2313,#2314,#2315,#2316),#2390,.T.);
#2509=ADVANCED_FACE('',(#2317),#2391,.F.);
#2510=ADVANCED_FACE('',(#2318),#2392,.F.);
#2511=ADVANCED_FACE('',(#2319),#2393,.T.);
#2512=ADVANCED_FACE('',(#2320,#2321,#2322,#2323,#2324),#2394,.F.);
#2513=ADVANCED_FACE('',(#2325),#88,.T.);
#2514=ADVANCED_FACE('',(#2326),#89,.T.);
#2515=ADVANCED_FACE('',(#2327),#90,.T.);
#2516=ADVANCED_FACE('',(#2328),#91,.T.);
#2517=ADVANCED_FACE('',(#2329,#2330),#92,.F.);
#2518=ADVANCED_FACE('',(#2331,#2332),#93,.F.);
#2519=ADVANCED_FACE('',(#2333,#2334),#94,.F.);
#2520=ADVANCED_FACE('',(#2335,#2336),#95,.F.);
#2521=ADVANCED_FACE('',(#2337),#2395,.T.);
#2522=ADVANCED_FACE('',(#2338),#2396,.F.);
#2523=ADVANCED_FACE('',(#2339),#2397,.F.);
#2524=ADVANCED_FACE('',(#2340),#2398,.T.);
#2525=ADVANCED_FACE('',(#2341),#2399,.T.);
#2526=ADVANCED_FACE('',(#2342),#2400,.T.);
#2527=ADVANCED_FACE('',(#2343),#2401,.F.);
#2528=CLOSED_SHELL('',(#2402,#2403,#2404,#2405,#2406,#2407,#2408,#2409,
#2410,#2411,#2412,#2413,#2414,#2415,#2416,#2417,#2418,#2419,#2420,#2421,
#2422,#2423,#2424,#2425,#2426,#2427,#2428,#2429,#2430,#2431,#2432,#2433,
#2434,#2435,#2436,#2437,#2438,#2439,#2440,#2441,#2442,#2443,#2444,#2445,
#2446,#2447,#2448,#2449,#2450,#2451,#2452,#2453,#2454,#2455,#2456,#2457,
#2458,#2459,#2460,#2461,#2462,#2463));
#2529=CLOSED_SHELL('',(#2464,#2465,#2466,#2467,#2468,#2469,#2470,#2471,
#2472,#2473,#2474,#2475,#2476,#2477,#2478,#2479,#2480,#2481,#2482,#2483,
#2484,#2485,#2486,#2487,#2488,#2489,#2490,#2491,#2492,#2493,#2494,#2495,
#2496,#2497,#2498,#2499,#2500,#2501,#2502,#2503,#2504,#2505));
#2530=CLOSED_SHELL('',(#2506,#2507,#2508,#2509,#2510,#2511,#2512,#2513,
#2514,#2515,#2516,#2517,#2518,#2519,#2520,#2521,#2522,#2523,#2524,#2525,
#2526,#2527));
#2531=STYLED_ITEM('',(#2534),#2555);
#2532=STYLED_ITEM('',(#2535),#2556);
#2533=STYLED_ITEM('',(#2536),#2557);
#2534=PRESENTATION_STYLE_ASSIGNMENT((#2537));
#2535=PRESENTATION_STYLE_ASSIGNMENT((#2538));
#2536=PRESENTATION_STYLE_ASSIGNMENT((#2539));
#2537=SURFACE_STYLE_USAGE(.BOTH.,#2540);
#2538=SURFACE_STYLE_USAGE(.BOTH.,#2541);
#2539=SURFACE_STYLE_USAGE(.BOTH.,#2542);
#2540=SURFACE_SIDE_STYLE('',(#2543));
#2541=SURFACE_SIDE_STYLE('',(#2544));
#2542=SURFACE_SIDE_STYLE('',(#2545));
#2543=SURFACE_STYLE_FILL_AREA(#2546);
#2544=SURFACE_STYLE_FILL_AREA(#2547);
#2545=SURFACE_STYLE_FILL_AREA(#2548);
#2546=FILL_AREA_STYLE('',(#2549));
#2547=FILL_AREA_STYLE('',(#2550));
#2548=FILL_AREA_STYLE('',(#2551));
#2549=FILL_AREA_STYLE_COLOUR('',#2552);
#2550=FILL_AREA_STYLE_COLOUR('',#2553);
#2551=FILL_AREA_STYLE_COLOUR('',#2554);
#2552=COLOUR_RGB('',0.313725490196078,0.486274509803922,0.411764705882353);
#2553=COLOUR_RGB('',0.917647058823529,0.917647058823529,0.917647058823529);
#2554=COLOUR_RGB('',0.615686274509804,0.811764705882353,0.929411764705882);
#2555=MANIFOLD_SOLID_BREP('macroPad-unsaved-export-fYbyWo_PCB',#2528);
#2556=MANIFOLD_SOLID_BREP('Part 2',#2529);
#2557=MANIFOLD_SOLID_BREP('Part 1',#2530);
#2558=SHAPE_DEFINITION_REPRESENTATION(#4218,#2562);
#2559=SHAPE_DEFINITION_REPRESENTATION(#4219,#2563);
#2560=SHAPE_DEFINITION_REPRESENTATION(#4221,#2564);
#2561=SHAPE_DEFINITION_REPRESENTATION(#4223,#2565);
#2562=SHAPE_REPRESENTATION('Assembly 1',(#2566,#2733,#2792,#2831),#4207);
#2563=SHAPE_REPRESENTATION('macroPad-unsaved-export-fYbyWo_PCB',(#2566),
#4208);
#2564=SHAPE_REPRESENTATION('Part 2',(#2566),#4209);
#2565=SHAPE_REPRESENTATION('Part 1',(#2566),#4210);
#2566=AXIS2_PLACEMENT_3D('',#3532,#2832,#2833);
#2567=AXIS2_PLACEMENT_3D('',#3533,#2834,#2835);
#2568=AXIS2_PLACEMENT_3D('',#3542,#2840,#2841);
#2569=AXIS2_PLACEMENT_3D('',#3548,#2845,#2846);
#2570=AXIS2_PLACEMENT_3D('',#3554,#2850,#2851);
#2571=AXIS2_PLACEMENT_3D('',#3556,#2853,#2854);
#2572=AXIS2_PLACEMENT_3D('',#3558,#2855,#2856);
#2573=AXIS2_PLACEMENT_3D('',#3560,#2857,#2858);
#2574=AXIS2_PLACEMENT_3D('',#3562,#2859,#2860);
#2575=AXIS2_PLACEMENT_3D('',#3564,#2861,#2862);
#2576=AXIS2_PLACEMENT_3D('',#3566,#2863,#2864);
#2577=AXIS2_PLACEMENT_3D('',#3568,#2865,#2866);
#2578=AXIS2_PLACEMENT_3D('',#3570,#2867,#2868);
#2579=AXIS2_PLACEMENT_3D('',#3572,#2869,#2870);
#2580=AXIS2_PLACEMENT_3D('',#3574,#2871,#2872);
#2581=AXIS2_PLACEMENT_3D('',#3576,#2873,#2874);
#2582=AXIS2_PLACEMENT_3D('',#3578,#2875,#2876);
#2583=AXIS2_PLACEMENT_3D('',#3580,#2877,#2878);
#2584=AXIS2_PLACEMENT_3D('',#3582,#2879,#2880);
#2585=AXIS2_PLACEMENT_3D('',#3584,#2881,#2882);
#2586=AXIS2_PLACEMENT_3D('',#3586,#2883,#2884);
#2587=AXIS2_PLACEMENT_3D('',#3588,#2885,#2886);
#2588=AXIS2_PLACEMENT_3D('',#3590,#2887,#2888);
#2589=AXIS2_PLACEMENT_3D('',#3592,#2889,#2890);
#2590=AXIS2_PLACEMENT_3D('',#3594,#2891,#2892);
#2591=AXIS2_PLACEMENT_3D('',#3596,#2893,#2894);
#2592=AXIS2_PLACEMENT_3D('',#3598,#2895,#2896);
#2593=AXIS2_PLACEMENT_3D('',#3600,#2897,#2898);
#2594=AXIS2_PLACEMENT_3D('',#3602,#2899,#2900);
#2595=AXIS2_PLACEMENT_3D('',#3604,#2901,#2902);
#2596=AXIS2_PLACEMENT_3D('',#3606,#2903,#2904);
#2597=AXIS2_PLACEMENT_3D('',#3608,#2905,#2906);
#2598=AXIS2_PLACEMENT_3D('',#3610,#2907,#2908);
#2599=AXIS2_PLACEMENT_3D('',#3612,#2909,#2910);
#2600=AXIS2_PLACEMENT_3D('',#3614,#2911,#2912);
#2601=AXIS2_PLACEMENT_3D('',#3616,#2913,#2914);
#2602=AXIS2_PLACEMENT_3D('',#3618,#2915,#2916);
#2603=AXIS2_PLACEMENT_3D('',#3620,#2917,#2918);
#2604=AXIS2_PLACEMENT_3D('',#3622,#2919,#2920);
#2605=AXIS2_PLACEMENT_3D('',#3624,#2921,#2922);
#2606=AXIS2_PLACEMENT_3D('',#3626,#2923,#2924);
#2607=AXIS2_PLACEMENT_3D('',#3628,#2925,#2926);
#2608=AXIS2_PLACEMENT_3D('',#3630,#2927,#2928);
#2609=AXIS2_PLACEMENT_3D('',#3632,#2929,#2930);
#2610=AXIS2_PLACEMENT_3D('',#3634,#2931,#2932);
#2611=AXIS2_PLACEMENT_3D('',#3636,#2933,#2934);
#2612=AXIS2_PLACEMENT_3D('',#3641,#2936,#2937);
#2613=AXIS2_PLACEMENT_3D('',#3645,#2939,#2940);
#2614=AXIS2_PLACEMENT_3D('',#3646,#2941,#2942);
#2615=AXIS2_PLACEMENT_3D('',#3648,#2943,#2944);
#2616=AXIS2_PLACEMENT_3D('',#3650,#2945,#2946);
#2617=AXIS2_PLACEMENT_3D('',#3652,#2947,#2948);
#2618=AXIS2_PLACEMENT_3D('',#3654,#2949,#2950);
#2619=AXIS2_PLACEMENT_3D('',#3656,#2951,#2952);
#2620=AXIS2_PLACEMENT_3D('',#3658,#2953,#2954);
#2621=AXIS2_PLACEMENT_3D('',#3663,#2956,#2957);
#2622=AXIS2_PLACEMENT_3D('',#3667,#2959,#2960);
#2623=AXIS2_PLACEMENT_3D('',#3668,#2961,#2962);
#2624=AXIS2_PLACEMENT_3D('',#3670,#2964,#2965);
#2625=AXIS2_PLACEMENT_3D('',#3672,#2966,#2967);
#2626=AXIS2_PLACEMENT_3D('',#3674,#2968,#2969);
#2627=AXIS2_PLACEMENT_3D('',#3676,#2970,#2971);
#2628=AXIS2_PLACEMENT_3D('',#3678,#2972,#2973);
#2629=AXIS2_PLACEMENT_3D('',#3680,#2974,#2975);
#2630=AXIS2_PLACEMENT_3D('',#3682,#2976,#2977);
#2631=AXIS2_PLACEMENT_3D('',#3684,#2978,#2979);
#2632=AXIS2_PLACEMENT_3D('',#3686,#2980,#2981);
#2633=AXIS2_PLACEMENT_3D('',#3688,#2982,#2983);
#2634=AXIS2_PLACEMENT_3D('',#3690,#2984,#2985);
#2635=AXIS2_PLACEMENT_3D('',#3692,#2986,#2987);
#2636=AXIS2_PLACEMENT_3D('',#3694,#2988,#2989);
#2637=AXIS2_PLACEMENT_3D('',#3696,#2990,#2991);
#2638=AXIS2_PLACEMENT_3D('',#3698,#2992,#2993);
#2639=AXIS2_PLACEMENT_3D('',#3700,#2994,#2995);
#2640=AXIS2_PLACEMENT_3D('',#3702,#2996,#2997);
#2641=AXIS2_PLACEMENT_3D('',#3704,#2998,#2999);
#2642=AXIS2_PLACEMENT_3D('',#3706,#3000,#3001);
#2643=AXIS2_PLACEMENT_3D('',#3708,#3002,#3003);
#2644=AXIS2_PLACEMENT_3D('',#3710,#3004,#3005);
#2645=AXIS2_PLACEMENT_3D('',#3712,#3006,#3007);
#2646=AXIS2_PLACEMENT_3D('',#3714,#3008,#3009);
#2647=AXIS2_PLACEMENT_3D('',#3716,#3010,#3011);
#2648=AXIS2_PLACEMENT_3D('',#3718,#3012,#3013);
#2649=AXIS2_PLACEMENT_3D('',#3720,#3014,#3015);
#2650=AXIS2_PLACEMENT_3D('',#3722,#3016,#3017);
#2651=AXIS2_PLACEMENT_3D('',#3724,#3018,#3019);
#2652=AXIS2_PLACEMENT_3D('',#3726,#3020,#3021);
#2653=AXIS2_PLACEMENT_3D('',#3728,#3022,#3023);
#2654=AXIS2_PLACEMENT_3D('',#3730,#3024,#3025);
#2655=AXIS2_PLACEMENT_3D('',#3732,#3026,#3027);
#2656=AXIS2_PLACEMENT_3D('',#3734,#3028,#3029);
#2657=AXIS2_PLACEMENT_3D('',#3736,#3030,#3031);
#2658=AXIS2_PLACEMENT_3D('',#3738,#3032,#3033);
#2659=AXIS2_PLACEMENT_3D('',#3740,#3034,#3035);
#2660=AXIS2_PLACEMENT_3D('',#3742,#3036,#3037);
#2661=AXIS2_PLACEMENT_3D('',#3744,#3038,#3039);
#2662=AXIS2_PLACEMENT_3D('',#3746,#3040,#3041);
#2663=AXIS2_PLACEMENT_3D('',#3748,#3042,#3043);
#2664=AXIS2_PLACEMENT_3D('',#3750,#3044,#3045);
#2665=AXIS2_PLACEMENT_3D('',#3752,#3046,#3047);
#2666=AXIS2_PLACEMENT_3D('',#3757,#3049,#3050);
#2667=AXIS2_PLACEMENT_3D('',#3760,#3052,#3053);
#2668=AXIS2_PLACEMENT_3D('',#3762,#3054,#3055);
#2669=AXIS2_PLACEMENT_3D('',#3764,#3056,#3057);
#2670=AXIS2_PLACEMENT_3D('',#3766,#3058,#3059);
#2671=AXIS2_PLACEMENT_3D('',#3768,#3060,#3061);
#2672=AXIS2_PLACEMENT_3D('',#3770,#3062,#3063);
#2673=AXIS2_PLACEMENT_3D('',#3772,#3064,#3065);
#2674=AXIS2_PLACEMENT_3D('',#3774,#3066,#3067);
#2675=AXIS2_PLACEMENT_3D('',#3779,#3069,#3070);
#2676=AXIS2_PLACEMENT_3D('',#3782,#3072,#3073);
#2677=AXIS2_PLACEMENT_3D('',#3783,#3074,#3075);
#2678=AXIS2_PLACEMENT_3D('',#3784,#3076,#3077);
#2679=AXIS2_PLACEMENT_3D('',#3785,#3078,#3079);
#2680=AXIS2_PLACEMENT_3D('',#3786,#3080,#3081);
#2681=AXIS2_PLACEMENT_3D('',#3787,#3082,#3083);
#2682=AXIS2_PLACEMENT_3D('',#3788,#3084,#3085);
#2683=AXIS2_PLACEMENT_3D('',#3789,#3086,#3087);
#2684=AXIS2_PLACEMENT_3D('',#3790,#3088,#3089);
#2685=AXIS2_PLACEMENT_3D('',#3791,#3090,#3091);
#2686=AXIS2_PLACEMENT_3D('',#3792,#3092,#3093);
#2687=AXIS2_PLACEMENT_3D('',#3793,#3094,#3095);
#2688=AXIS2_PLACEMENT_3D('',#3794,#3096,#3097);
#2689=AXIS2_PLACEMENT_3D('',#3795,#3098,#3099);
#2690=AXIS2_PLACEMENT_3D('',#3796,#3100,#3101);
#2691=AXIS2_PLACEMENT_3D('',#3797,#3102,#3103);
#2692=AXIS2_PLACEMENT_3D('',#3798,#3104,#3105);
#2693=AXIS2_PLACEMENT_3D('',#3799,#3106,#3107);
#2694=AXIS2_PLACEMENT_3D('',#3800,#3108,#3109);
#2695=AXIS2_PLACEMENT_3D('',#3801,#3110,#3111);
#2696=AXIS2_PLACEMENT_3D('',#3802,#3112,#3113);
#2697=AXIS2_PLACEMENT_3D('',#3803,#3114,#3115);
#2698=AXIS2_PLACEMENT_3D('',#3804,#3116,#3117);
#2699=AXIS2_PLACEMENT_3D('',#3805,#3118,#3119);
#2700=AXIS2_PLACEMENT_3D('',#3806,#3120,#3121);
#2701=AXIS2_PLACEMENT_3D('',#3807,#3122,#3123);
#2702=AXIS2_PLACEMENT_3D('',#3808,#3124,#3125);
#2703=AXIS2_PLACEMENT_3D('',#3809,#3126,#3127);
#2704=AXIS2_PLACEMENT_3D('',#3810,#3128,#3129);
#2705=AXIS2_PLACEMENT_3D('',#3811,#3130,#3131);
#2706=AXIS2_PLACEMENT_3D('',#3812,#3132,#3133);
#2707=AXIS2_PLACEMENT_3D('',#3813,#3134,#3135);
#2708=AXIS2_PLACEMENT_3D('',#3814,#3136,#3137);
#2709=AXIS2_PLACEMENT_3D('',#3815,#3138,#3139);
#2710=AXIS2_PLACEMENT_3D('',#3816,#3140,#3141);
#2711=AXIS2_PLACEMENT_3D('',#3817,#3142,#3143);
#2712=AXIS2_PLACEMENT_3D('',#3818,#3144,#3145);
#2713=AXIS2_PLACEMENT_3D('',#3819,#3146,#3147);
#2714=AXIS2_PLACEMENT_3D('',#3820,#3148,#3149);
#2715=AXIS2_PLACEMENT_3D('',#3821,#3150,#3151);
#2716=AXIS2_PLACEMENT_3D('',#3822,#3152,#3153);
#2717=AXIS2_PLACEMENT_3D('',#3823,#3154,#3155);
#2718=AXIS2_PLACEMENT_3D('',#3824,#3156,#3157);
#2719=AXIS2_PLACEMENT_3D('',#3827,#3160,#3161);
#2720=AXIS2_PLACEMENT_3D('',#3829,#3163,#3164);
#2721=AXIS2_PLACEMENT_3D('',#3831,#3166,#3167);
#2722=AXIS2_PLACEMENT_3D('',#3832,#3168,#3169);
#2723=AXIS2_PLACEMENT_3D('',#3833,#3170,#3171);
#2724=AXIS2_PLACEMENT_3D('',#3834,#3172,#3173);
#2725=AXIS2_PLACEMENT_3D('',#3835,#3174,#3175);
#2726=AXIS2_PLACEMENT_3D('',#3836,#3176,#3177);
#2727=AXIS2_PLACEMENT_3D('',#3837,#3178,#3179);
#2728=AXIS2_PLACEMENT_3D('',#3838,#3180,#3181);
#2729=AXIS2_PLACEMENT_3D('',#3839,#3182,#3183);
#2730=AXIS2_PLACEMENT_3D('',#3842,#3186,#3187);
#2731=AXIS2_PLACEMENT_3D('',#3844,#3189,#3190);
#2732=AXIS2_PLACEMENT_3D('',#3846,#3192,#3193);
#2733=AXIS2_PLACEMENT_3D('',#3847,#3194,#3195);
#2734=AXIS2_PLACEMENT_3D('',#3848,#3196,#3197);
#2735=AXIS2_PLACEMENT_3D('',#3857,#3202,#3203);
#2736=AXIS2_PLACEMENT_3D('',#3866,#3208,#3209);
#2737=AXIS2_PLACEMENT_3D('',#3875,#3214,#3215);
#2738=AXIS2_PLACEMENT_3D('',#3884,#3220,#3221);
#2739=AXIS2_PLACEMENT_3D('',#3941,#3250,#3251);
#2740=AXIS2_PLACEMENT_3D('',#3943,#3252,#3253);
#2741=AXIS2_PLACEMENT_3D('',#3945,#3254,#3255);
#2742=AXIS2_PLACEMENT_3D('',#3947,#3256,#3257);
#2743=AXIS2_PLACEMENT_3D('',#3949,#3258,#3259);
#2744=AXIS2_PLACEMENT_3D('',#3950,#3260,#3261);
#2745=AXIS2_PLACEMENT_3D('',#3951,#3262,#3263);
#2746=AXIS2_PLACEMENT_3D('',#3952,#3264,#3265);
#2747=AXIS2_PLACEMENT_3D('',#3953,#3266,#3267);
#2748=AXIS2_PLACEMENT_3D('',#4010,#3296,#3297);
#2749=AXIS2_PLACEMENT_3D('',#4012,#3298,#3299);
#2750=AXIS2_PLACEMENT_3D('',#4014,#3300,#3301);
#2751=AXIS2_PLACEMENT_3D('',#4016,#3302,#3303);
#2752=AXIS2_PLACEMENT_3D('',#4018,#3304,#3305);
#2753=AXIS2_PLACEMENT_3D('',#4019,#3306,#3307);
#2754=AXIS2_PLACEMENT_3D('',#4020,#3308,#3309);
#2755=AXIS2_PLACEMENT_3D('',#4021,#3310,#3311);
#2756=AXIS2_PLACEMENT_3D('',#4022,#3312,#3313);
#2757=AXIS2_PLACEMENT_3D('',#4023,#3314,#3315);
#2758=AXIS2_PLACEMENT_3D('',#4024,#3316,#3317);
#2759=AXIS2_PLACEMENT_3D('',#4025,#3318,#3319);
#2760=AXIS2_PLACEMENT_3D('',#4026,#3320,#3321);
#2761=AXIS2_PLACEMENT_3D('',#4027,#3322,#3323);
#2762=AXIS2_PLACEMENT_3D('',#4028,#3324,#3325);
#2763=AXIS2_PLACEMENT_3D('',#4029,#3326,#3327);
#2764=AXIS2_PLACEMENT_3D('',#4030,#3328,#3329);
#2765=AXIS2_PLACEMENT_3D('',#4033,#3332,#3333);
#2766=AXIS2_PLACEMENT_3D('',#4035,#3335,#3336);
#2767=AXIS2_PLACEMENT_3D('',#4037,#3338,#3339);
#2768=AXIS2_PLACEMENT_3D('',#4038,#3340,#3341);
#2769=AXIS2_PLACEMENT_3D('',#4041,#3344,#3345);
#2770=AXIS2_PLACEMENT_3D('',#4043,#3347,#3348);
#2771=AXIS2_PLACEMENT_3D('',#4045,#3350,#3351);
#2772=AXIS2_PLACEMENT_3D('',#4046,#3352,#3353);
#2773=AXIS2_PLACEMENT_3D('',#4049,#3356,#3357);
#2774=AXIS2_PLACEMENT_3D('',#4051,#3359,#3360);
#2775=AXIS2_PLACEMENT_3D('',#4053,#3362,#3363);
#2776=AXIS2_PLACEMENT_3D('',#4054,#3364,#3365);
#2777=AXIS2_PLACEMENT_3D('',#4057,#3368,#3369);
#2778=AXIS2_PLACEMENT_3D('',#4059,#3371,#3372);
#2779=AXIS2_PLACEMENT_3D('',#4061,#3374,#3375);
#2780=AXIS2_PLACEMENT_3D('',#4062,#3376,#3377);
#2781=AXIS2_PLACEMENT_3D('',#4065,#3380,#3381);
#2782=AXIS2_PLACEMENT_3D('',#4067,#3383,#3384);
#2783=AXIS2_PLACEMENT_3D('',#4069,#3386,#3387);
#2784=AXIS2_PLACEMENT_3D('',#4070,#3388,#3389);
#2785=AXIS2_PLACEMENT_3D('',#4073,#3392,#3393);
#2786=AXIS2_PLACEMENT_3D('',#4075,#3395,#3396);
#2787=AXIS2_PLACEMENT_3D('',#4077,#3398,#3399);
#2788=AXIS2_PLACEMENT_3D('',#4078,#3400,#3401);
#2789=AXIS2_PLACEMENT_3D('',#4081,#3404,#3405);
#2790=AXIS2_PLACEMENT_3D('',#4083,#3407,#3408);
#2791=AXIS2_PLACEMENT_3D('',#4085,#3410,#3411);
#2792=AXIS2_PLACEMENT_3D('',#4086,#3412,#3413);
#2793=AXIS2_PLACEMENT_3D('',#4087,#3414,#3415);
#2794=AXIS2_PLACEMENT_3D('',#4104,#3424,#3425);
#2795=AXIS2_PLACEMENT_3D('',#4113,#3430,#3431);
#2796=AXIS2_PLACEMENT_3D('',#4124,#3438,#3439);
#2797=AXIS2_PLACEMENT_3D('',#4128,#3441,#3442);
#2798=AXIS2_PLACEMENT_3D('',#4132,#3444,#3445);
#2799=AXIS2_PLACEMENT_3D('',#4136,#3447,#3448);
#2800=AXIS2_PLACEMENT_3D('',#4137,#3449,#3450);
#2801=AXIS2_PLACEMENT_3D('',#4139,#3451,#3452);
#2802=AXIS2_PLACEMENT_3D('',#4141,#3453,#3454);
#2803=AXIS2_PLACEMENT_3D('',#4143,#3455,#3456);
#2804=AXIS2_PLACEMENT_3D('',#4145,#3457,#3458);
#2805=AXIS2_PLACEMENT_3D('',#4151,#3462,#3463);
#2806=AXIS2_PLACEMENT_3D('',#4157,#3467,#3468);
#2807=AXIS2_PLACEMENT_3D('',#4163,#3472,#3473);
#2808=AXIS2_PLACEMENT_3D('',#4164,#3474,#3475);
#2809=AXIS2_PLACEMENT_3D('',#4166,#3476,#3477);
#2810=AXIS2_PLACEMENT_3D('',#4168,#3478,#3479);
#2811=AXIS2_PLACEMENT_3D('',#4170,#3480,#3481);
#2812=AXIS2_PLACEMENT_3D('',#4172,#3482,#3483);
#2813=AXIS2_PLACEMENT_3D('',#4173,#3484,#3485);
#2814=AXIS2_PLACEMENT_3D('',#4174,#3486,#3487);
#2815=AXIS2_PLACEMENT_3D('',#4175,#3488,#3489);
#2816=AXIS2_PLACEMENT_3D('',#4176,#3490,#3491);
#2817=AXIS2_PLACEMENT_3D('',#4177,#3492,#3493);
#2818=AXIS2_PLACEMENT_3D('',#4178,#3494,#3495);
#2819=AXIS2_PLACEMENT_3D('',#4179,#3496,#3497);
#2820=AXIS2_PLACEMENT_3D('',#4180,#3498,#3499);
#2821=AXIS2_PLACEMENT_3D('',#4181,#3500,#3501);
#2822=AXIS2_PLACEMENT_3D('',#4182,#3502,#3503);
#2823=AXIS2_PLACEMENT_3D('',#4183,#3504,#3505);
#2824=AXIS2_PLACEMENT_3D('',#4184,#3506,#3507);
#2825=AXIS2_PLACEMENT_3D('',#4190,#3511,#3512);
#2826=AXIS2_PLACEMENT_3D('',#4194,#3515,#3516);
#2827=AXIS2_PLACEMENT_3D('',#4198,#3519,#3520);
#2828=AXIS2_PLACEMENT_3D('',#4200,#3522,#3523);
#2829=AXIS2_PLACEMENT_3D('',#4203,#3526,#3527);
#2830=AXIS2_PLACEMENT_3D('',#4204,#3528,#3529);
#2831=AXIS2_PLACEMENT_3D('',#4205,#3530,#3531);
#2832=DIRECTION('',(0.,0.,1.));
#2833=DIRECTION('',(1.,0.,0.));
#2834=DIRECTION('',(0.,-1.,0.));
#2835=DIRECTION('',(-1.,0.,0.));
#2836=DIRECTION('',(0.,0.,-1.));
#2837=DIRECTION('',(-1.,0.,0.));
#2838=DIRECTION('',(0.,0.,-1.));
#2839=DIRECTION('',(1.,0.,0.));
#2840=DIRECTION('',(1.,0.,0.));
#2841=DIRECTION('',(0.,-1.,0.));
#2842=DIRECTION('',(0.,0.,-1.));
#2843=DIRECTION('',(0.,-1.,0.));
#2844=DIRECTION('',(0.,1.,0.));
#2845=DIRECTION('',(-1.,0.,0.));
#2846=DIRECTION('',(0.,1.,0.));
#2847=DIRECTION('',(0.,1.,0.));
#2848=DIRECTION('',(0.,0.,-1.));
#2849=DIRECTION('',(0.,1.,0.));
#2850=DIRECTION('',(0.,0.,1.));
#2851=DIRECTION('',(1.,0.,0.));
#2852=DIRECTION('',(1.,0.,0.));
#2853=DIRECTION('',(0.,0.,-1.));
#2854=DIRECTION('',(-1.,0.,0.));
#2855=DIRECTION('',(0.,0.,-1.));
#2856=DIRECTION('',(-1.,0.,0.));
#2857=DIRECTION('',(0.,0.,-1.));
#2858=DIRECTION('',(-1.,0.,0.));
#2859=DIRECTION('',(0.,0.,-1.));
#2860=DIRECTION('',(-1.,0.,0.));
#2861=DIRECTION('',(0.,0.,-1.));
#2862=DIRECTION('',(-1.,0.,0.));
#2863=DIRECTION('',(0.,0.,-1.));
#2864=DIRECTION('',(-1.,0.,0.));
#2865=DIRECTION('',(0.,0.,-1.));
#2866=DIRECTION('',(-1.,0.,0.));
#2867=DIRECTION('',(0.,0.,-1.));
#2868=DIRECTION('',(-1.,0.,0.));
#2869=DIRECTION('',(0.,0.,-1.));
#2870=DIRECTION('',(-1.,0.,0.));
#2871=DIRECTION('',(0.,0.,-1.));
#2872=DIRECTION('',(-1.,0.,0.));
#2873=DIRECTION('',(0.,0.,-1.));
#2874=DIRECTION('',(-1.,0.,0.));
#2875=DIRECTION('',(0.,0.,-1.));
#2876=DIRECTION('',(-1.,0.,0.));
#2877=DIRECTION('',(0.,0.,-1.));
#2878=DIRECTION('',(-1.,0.,0.));
#2879=DIRECTION('',(0.,0.,-1.));
#2880=DIRECTION('',(-1.,0.,0.));
#2881=DIRECTION('',(0.,0.,-1.));
#2882=DIRECTION('',(-1.,0.,0.));
#2883=DIRECTION('',(0.,0.,-1.));
#2884=DIRECTION('',(-1.,0.,0.));
#2885=DIRECTION('',(0.,0.,-1.));
#2886=DIRECTION('',(-1.,0.,0.));
#2887=DIRECTION('',(0.,0.,-1.));
#2888=DIRECTION('',(-1.,0.,0.));
#2889=DIRECTION('',(0.,0.,-1.));
#2890=DIRECTION('',(-1.,0.,0.));
#2891=DIRECTION('',(0.,0.,-1.));
#2892=DIRECTION('',(-1.,0.,0.));
#2893=DIRECTION('',(0.,0.,-1.));
#2894=DIRECTION('',(-1.,0.,0.));
#2895=DIRECTION('',(0.,0.,-1.));
#2896=DIRECTION('',(-1.,0.,0.));
#2897=DIRECTION('',(0.,0.,-1.));
#2898=DIRECTION('',(-1.,0.,0.));
#2899=DIRECTION('',(0.,0.,-1.));
#2900=DIRECTION('',(-1.,0.,0.));
#2901=DIRECTION('',(0.,0.,-1.));
#2902=DIRECTION('',(-1.,0.,0.));
#2903=DIRECTION('',(0.,0.,-1.));
#2904=DIRECTION('',(-1.,0.,0.));
#2905=DIRECTION('',(0.,0.,-1.));
#2906=DIRECTION('',(-1.,0.,0.));
#2907=DIRECTION('',(0.,0.,-1.));
#2908=DIRECTION('',(-1.,0.,0.));
#2909=DIRECTION('',(0.,0.,-1.));
#2910=DIRECTION('',(-1.,0.,0.));
#2911=DIRECTION('',(0.,0.,-1.));
#2912=DIRECTION('',(-1.,0.,0.));
#2913=DIRECTION('',(0.,0.,-1.));
#2914=DIRECTION('',(-1.,0.,0.));
#2915=DIRECTION('',(0.,0.,-1.));
#2916=DIRECTION('',(-1.,0.,0.));
#2917=DIRECTION('',(0.,0.,-1.));
#2918=DIRECTION('',(-1.,0.,0.));
#2919=DIRECTION('',(0.,0.,-1.));
#2920=DIRECTION('',(-1.,0.,0.));
#2921=DIRECTION('',(0.,0.,-1.));
#2922=DIRECTION('',(-1.,0.,0.));
#2923=DIRECTION('',(0.,0.,-1.));
#2924=DIRECTION('',(-1.,0.,0.));
#2925=DIRECTION('',(0.,0.,-1.));
#2926=DIRECTION('',(-1.,0.,0.));
#2927=DIRECTION('',(0.,0.,-1.));
#2928=DIRECTION('',(-1.,0.,0.));
#2929=DIRECTION('',(0.,0.,-1.));
#2930=DIRECTION('',(-1.,0.,0.));
#2931=DIRECTION('',(0.,0.,-1.));
#2932=DIRECTION('',(-1.,0.,0.));
#2933=DIRECTION('',(0.,0.,-1.));
#2934=DIRECTION('',(-1.,0.,0.));
#2935=DIRECTION('',(-1.,0.,0.));
#2936=DIRECTION('',(0.,0.,-1.));
#2937=DIRECTION('',(-1.,0.,0.));
#2938=DIRECTION('',(1.,0.,0.));
#2939=DIRECTION('',(0.,0.,-1.));
#2940=DIRECTION('',(-1.,0.,0.));
#2941=DIRECTION('',(0.,0.,-1.));
#2942=DIRECTION('',(-1.,0.,0.));
#2943=DIRECTION('',(0.,0.,-1.));
#2944=DIRECTION('',(-1.,0.,0.));
#2945=DIRECTION('',(0.,0.,-1.));
#2946=DIRECTION('',(-1.,0.,0.));
#2947=DIRECTION('',(0.,0.,-1.));
#2948=DIRECTION('',(-1.,0.,0.));
#2949=DIRECTION('',(0.,0.,-1.));
#2950=DIRECTION('',(-1.,0.,0.));
#2951=DIRECTION('',(0.,0.,-1.));
#2952=DIRECTION('',(-1.,0.,0.));
#2953=DIRECTION('',(0.,0.,-1.));
#2954=DIRECTION('',(-1.,0.,0.));
#2955=DIRECTION('',(-1.,0.,0.));
#2956=DIRECTION('',(0.,0.,-1.));
#2957=DIRECTION('',(-1.,0.,0.));
#2958=DIRECTION('',(1.,0.,0.));
#2959=DIRECTION('',(0.,0.,-1.));
#2960=DIRECTION('',(-1.,0.,0.));
#2961=DIRECTION('',(0.,0.,1.));
#2962=DIRECTION('',(1.,0.,0.));
#2963=DIRECTION('',(1.,0.,0.));
#2964=DIRECTION('',(0.,0.,-1.));
#2965=DIRECTION('',(-1.,0.,0.));
#2966=DIRECTION('',(0.,0.,-1.));
#2967=DIRECTION('',(-1.,0.,0.));
#2968=DIRECTION('',(0.,0.,-1.));
#2969=DIRECTION('',(-1.,0.,0.));
#2970=DIRECTION('',(0.,0.,-1.));
#2971=DIRECTION('',(-1.,0.,0.));
#2972=DIRECTION('',(0.,0.,-1.));
#2973=DIRECTION('',(-1.,0.,0.));
#2974=DIRECTION('',(0.,0.,-1.));
#2975=DIRECTION('',(-1.,0.,0.));
#2976=DIRECTION('',(0.,0.,-1.));
#2977=DIRECTION('',(-1.,0.,0.));
#2978=DIRECTION('',(0.,0.,-1.));
#2979=DIRECTION('',(-1.,0.,0.));
#2980=DIRECTION('',(0.,0.,-1.));
#2981=DIRECTION('',(-1.,0.,0.));
#2982=DIRECTION('',(0.,0.,-1.));
#2983=DIRECTION('',(-1.,0.,0.));
#2984=DIRECTION('',(0.,0.,-1.));
#2985=DIRECTION('',(-1.,0.,0.));
#2986=DIRECTION('',(0.,0.,-1.));
#2987=DIRECTION('',(-1.,0.,0.));
#2988=DIRECTION('',(0.,0.,-1.));
#2989=DIRECTION('',(-1.,0.,0.));
#2990=DIRECTION('',(0.,0.,-1.));
#2991=DIRECTION('',(-1.,0.,0.));
#2992=DIRECTION('',(0.,0.,-1.));
#2993=DIRECTION('',(-1.,0.,0.));
#2994=DIRECTION('',(0.,0.,-1.));
#2995=DIRECTION('',(-1.,0.,0.));
#2996=DIRECTION('',(0.,0.,-1.));
#2997=DIRECTION('',(-1.,0.,0.));
#2998=DIRECTION('',(0.,0.,-1.));
#2999=DIRECTION('',(-1.,0.,0.));
#3000=DIRECTION('',(0.,0.,-1.));
#3001=DIRECTION('',(-1.,0.,0.));
#3002=DIRECTION('',(0.,0.,-1.));
#3003=DIRECTION('',(-1.,0.,0.));
#3004=DIRECTION('',(0.,0.,-1.));
#3005=DIRECTION('',(-1.,0.,0.));
#3006=DIRECTION('',(0.,0.,-1.));
#3007=DIRECTION('',(-1.,0.,0.));
#3008=DIRECTION('',(0.,0.,-1.));
#3009=DIRECTION('',(-1.,0.,0.));
#3010=DIRECTION('',(0.,0.,-1.));
#3011=DIRECTION('',(-1.,0.,0.));
#3012=DIRECTION('',(0.,0.,-1.));
#3013=DIRECTION('',(-1.,0.,0.));
#3014=DIRECTION('',(0.,0.,-1.));
#3015=DIRECTION('',(-1.,0.,0.));
#3016=DIRECTION('',(0.,0.,-1.));
#3017=DIRECTION('',(-1.,0.,0.));
#3018=DIRECTION('',(0.,0.,-1.));
#3019=DIRECTION('',(-1.,0.,0.));
#3020=DIRECTION('',(0.,0.,-1.));
#3021=DIRECTION('',(-1.,0.,0.));
#3022=DIRECTION('',(0.,0.,-1.));
#3023=DIRECTION('',(-1.,0.,0.));
#3024=DIRECTION('',(0.,0.,-1.));
#3025=DIRECTION('',(-1.,0.,0.));
#3026=DIRECTION('',(0.,0.,-1.));
#3027=DIRECTION('',(-1.,0.,0.));
#3028=DIRECTION('',(0.,0.,-1.));
#3029=DIRECTION('',(-1.,0.,0.));
#3030=DIRECTION('',(0.,0.,-1.));
#3031=DIRECTION('',(-1.,0.,0.));
#3032=DIRECTION('',(0.,0.,-1.));
#3033=DIRECTION('',(-1.,0.,0.));
#3034=DIRECTION('',(0.,0.,-1.));
#3035=DIRECTION('',(-1.,0.,0.));
#3036=DIRECTION('',(0.,0.,-1.));
#3037=DIRECTION('',(-1.,0.,0.));
#3038=DIRECTION('',(0.,0.,-1.));
#3039=DIRECTION('',(-1.,0.,0.));
#3040=DIRECTION('',(0.,0.,-1.));
#3041=DIRECTION('',(-1.,0.,0.));
#3042=DIRECTION('',(0.,0.,-1.));
#3043=DIRECTION('',(-1.,0.,0.));
#3044=DIRECTION('',(0.,0.,-1.));
#3045=DIRECTION('',(-1.,0.,0.));
#3046=DIRECTION('',(0.,0.,-1.));
#3047=DIRECTION('',(-1.,0.,0.));
#3048=DIRECTION('',(1.,0.,0.));
#3049=DIRECTION('',(0.,0.,-1.));
#3050=DIRECTION('',(-1.,0.,0.));
#3051=DIRECTION('',(1.,0.,0.));
#3052=DIRECTION('',(0.,0.,-1.));
#3053=DIRECTION('',(-1.,0.,0.));
#3054=DIRECTION('',(0.,0.,-1.));
#3055=DIRECTION('',(-1.,0.,0.));
#3056=DIRECTION('',(0.,0.,-1.));
#3057=DIRECTION('',(-1.,0.,0.));
#3058=DIRECTION('',(0.,0.,-1.));
#3059=DIRECTION('',(-1.,0.,0.));
#3060=DIRECTION('',(0.,0.,-1.));
#3061=DIRECTION('',(-1.,0.,0.));
#3062=DIRECTION('',(0.,0.,-1.));
#3063=DIRECTION('',(-1.,0.,0.));
#3064=DIRECTION('',(0.,0.,-1.));
#3065=DIRECTION('',(-1.,0.,0.));
#3066=DIRECTION('',(0.,0.,-1.));
#3067=DIRECTION('',(-1.,0.,0.));
#3068=DIRECTION('',(1.,0.,0.));
#3069=DIRECTION('',(0.,0.,-1.));
#3070=DIRECTION('',(-1.,0.,0.));
#3071=DIRECTION('',(1.,0.,0.));
#3072=DIRECTION('',(0.,1.,0.));
#3073=DIRECTION('',(1.,0.,0.));
#3074=DIRECTION('',(0.,0.,-1.));
#3075=DIRECTION('',(0.,-1.,0.));
#3076=DIRECTION('',(0.,0.,-1.));
#3077=DIRECTION('',(0.,-1.,0.));
#3078=DIRECTION('',(0.,0.,-1.));
#3079=DIRECTION('',(0.,-1.,0.));
#3080=DIRECTION('',(0.,0.,-1.));
#3081=DIRECTION('',(0.,-1.,0.));
#3082=DIRECTION('',(0.,0.,-1.));
#3083=DIRECTION('',(0.,-1.,0.));
#3084=DIRECTION('',(0.,0.,-1.));
#3085=DIRECTION('',(0.,-1.,0.));
#3086=DIRECTION('',(0.,0.,-1.));
#3087=DIRECTION('',(0.,-1.,0.));
#3088=DIRECTION('',(0.,0.,-1.));
#3089=DIRECTION('',(0.,-1.,0.));
#3090=DIRECTION('',(0.,0.,-1.));
#3091=DIRECTION('',(0.,-1.,0.));
#3092=DIRECTION('',(0.,0.,-1.));
#3093=DIRECTION('',(0.,-1.,0.));
#3094=DIRECTION('',(0.,0.,-1.));
#3095=DIRECTION('',(0.,-1.,0.));
#3096=DIRECTION('',(0.,0.,-1.));
#3097=DIRECTION('',(0.,-1.,0.));
#3098=DIRECTION('',(0.,0.,-1.));
#3099=DIRECTION('',(0.,-1.,0.));
#3100=DIRECTION('',(0.,0.,-1.));
#3101=DIRECTION('',(0.,-1.,0.));
#3102=DIRECTION('',(0.,0.,-1.));
#3103=DIRECTION('',(-3.343730521224E-14,-1.,0.));
#3104=DIRECTION('',(0.,0.,-1.));
#3105=DIRECTION('',(0.,-1.,0.));
#3106=DIRECTION('',(0.,0.,-1.));
#3107=DIRECTION('',(0.,-1.,0.));
#3108=DIRECTION('',(0.,0.,-1.));
#3109=DIRECTION('',(0.,-1.,0.));
#3110=DIRECTION('',(0.,0.,-1.));
#3111=DIRECTION('',(0.,-1.,0.));
#3112=DIRECTION('',(0.,0.,-1.));
#3113=DIRECTION('',(0.,-1.,0.));
#3114=DIRECTION('',(0.,0.,-1.));
#3115=DIRECTION('',(0.,-1.,0.));
#3116=DIRECTION('',(0.,0.,-1.));
#3117=DIRECTION('',(0.,-1.,0.));
#3118=DIRECTION('',(0.,0.,-1.));
#3119=DIRECTION('',(0.,-1.,0.));
#3120=DIRECTION('',(0.,0.,-1.));
#3121=DIRECTION('',(0.,-1.,0.));
#3122=DIRECTION('',(0.,0.,-1.));
#3123=DIRECTION('',(0.,-1.,0.));
#3124=DIRECTION('',(0.,0.,-1.));
#3125=DIRECTION('',(0.,-1.,0.));
#3126=DIRECTION('',(0.,0.,-1.));
#3127=DIRECTION('',(0.,-1.,0.));
#3128=DIRECTION('',(0.,0.,-1.));
#3129=DIRECTION('',(0.,-1.,0.));
#3130=DIRECTION('',(0.,0.,-1.));
#3131=DIRECTION('',(0.,-1.,0.));
#3132=DIRECTION('',(0.,0.,-1.));
#3133=DIRECTION('',(0.,-1.,0.));
#3134=DIRECTION('',(0.,0.,-1.));
#3135=DIRECTION('',(0.,-1.,0.));
#3136=DIRECTION('',(0.,0.,-1.));
#3137=DIRECTION('',(0.,-1.,0.));
#3138=DIRECTION('',(0.,0.,-1.));
#3139=DIRECTION('',(0.,-1.,0.));
#3140=DIRECTION('',(0.,0.,-1.));
#3141=DIRECTION('',(0.,-1.,0.));
#3142=DIRECTION('',(0.,0.,-1.));
#3143=DIRECTION('',(0.,-1.,0.));
#3144=DIRECTION('',(0.,0.,-1.));
#3145=DIRECTION('',(0.,-1.,0.));
#3146=DIRECTION('',(0.,0.,-1.));
#3147=DIRECTION('',(0.,-1.,0.));
#3148=DIRECTION('',(0.,0.,-1.));
#3149=DIRECTION('',(0.,-1.,0.));
#3150=DIRECTION('',(0.,0.,-1.));
#3151=DIRECTION('',(0.,-1.,0.));
#3152=DIRECTION('',(0.,0.,-1.));
#3153=DIRECTION('',(0.,-1.,0.));
#3154=DIRECTION('',(0.,0.,-1.));
#3155=DIRECTION('',(0.,-1.,0.));
#3156=DIRECTION('',(0.,0.,-1.));
#3157=DIRECTION('',(0.,-1.,0.));
#3158=DIRECTION('',(0.,0.,-1.));
#3159=DIRECTION('',(0.,0.,-1.));
#3160=DIRECTION('',(0.,-1.,0.));
#3161=DIRECTION('',(-1.,0.,0.));
#3162=DIRECTION('',(0.,0.,-1.));
#3163=DIRECTION('',(0.,0.,-1.));
#3164=DIRECTION('',(0.,1.,0.));
#3165=DIRECTION('',(0.,0.,-1.));
#3166=DIRECTION('',(0.,1.,0.));
#3167=DIRECTION('',(1.,0.,0.));
#3168=DIRECTION('',(0.,0.,-1.));
#3169=DIRECTION('',(0.,-1.,0.));
#3170=DIRECTION('',(0.,0.,-1.));
#3171=DIRECTION('',(0.,-1.,0.));
#3172=DIRECTION('',(0.,0.,-1.));
#3173=DIRECTION('',(0.,-1.,0.));
#3174=DIRECTION('',(0.,0.,-1.));
#3175=DIRECTION('',(0.,-1.,0.));
#3176=DIRECTION('',(0.,0.,-1.));
#3177=DIRECTION('',(0.,-1.,0.));
#3178=DIRECTION('',(0.,0.,-1.));
#3179=DIRECTION('',(0.,-1.,0.));
#3180=DIRECTION('',(0.,0.,-1.));
#3181=DIRECTION('',(0.,-1.,0.));
#3182=DIRECTION('',(0.,0.,-1.));
#3183=DIRECTION('',(0.,-1.,0.));
#3184=DIRECTION('',(0.,0.,-1.));
#3185=DIRECTION('',(0.,0.,-1.));
#3186=DIRECTION('',(0.,-1.,0.));
#3187=DIRECTION('',(-1.,0.,0.));
#3188=DIRECTION('',(0.,0.,-1.));
#3189=DIRECTION('',(0.,0.,-1.));
#3190=DIRECTION('',(0.,1.,0.));
#3191=DIRECTION('',(0.,0.,-1.));
#3192=DIRECTION('',(0.,1.,0.));
#3193=DIRECTION('',(1.,0.,0.));
#3194=DIRECTION('',(0.,0.,1.));
#3195=DIRECTION('',(1.,0.,0.));
#3196=DIRECTION('',(1.,0.,0.));
#3197=DIRECTION('',(0.,0.,-1.));
#3198=DIRECTION('',(0.,-1.,0.));
#3199=DIRECTION('',(0.,0.,-1.));
#3200=DIRECTION('',(0.,-1.,0.));
#3201=DIRECTION('',(0.,0.,-1.));
#3202=DIRECTION('',(0.,-1.,0.));
#3203=DIRECTION('',(0.,0.,-1.));
#3204=DIRECTION('',(-1.,0.,0.));
#3205=DIRECTION('',(0.,0.,-1.));
#3206=DIRECTION('',(-1.,0.,0.));
#3207=DIRECTION('',(0.,0.,-1.));
#3208=DIRECTION('',(1.,0.,0.));
#3209=DIRECTION('',(0.,0.,-1.));
#3210=DIRECTION('',(0.,-1.,0.));
#3211=DIRECTION('',(0.,0.,-1.));
#3212=DIRECTION('',(0.,-1.,0.));
#3213=DIRECTION('',(0.,0.,-1.));
#3214=DIRECTION('',(0.,-1.,0.));
#3215=DIRECTION('',(0.,0.,-1.));
#3216=DIRECTION('',(-1.,0.,0.));
#3217=DIRECTION('',(0.,0.,-1.));
#3218=DIRECTION('',(-1.,0.,0.));
#3219=DIRECTION('',(0.,0.,-1.));
#3220=DIRECTION('',(0.,0.,1.));
#3221=DIRECTION('',(1.,0.,0.));
#3222=DIRECTION('',(-1.,0.,0.));
#3223=DIRECTION('',(0.,1.,0.));
#3224=DIRECTION('',(-1.,0.,0.));
#3225=DIRECTION('',(0.,1.,0.));
#3226=DIRECTION('',(-1.,0.,0.));
#3227=DIRECTION('',(0.,1.,0.));
#3228=DIRECTION('',(-1.,0.,0.));
#3229=DIRECTION('',(0.,1.,0.));
#3230=DIRECTION('',(-1.,0.,0.));
#3231=DIRECTION('',(0.,1.,0.));
#3232=DIRECTION('',(-1.,0.,0.));
#3233=DIRECTION('',(0.,1.,0.));
#3234=DIRECTION('',(-1.,0.,0.));
#3235=DIRECTION('',(0.,1.,0.));
#3236=DIRECTION('',(-1.,0.,0.));
#3237=DIRECTION('',(0.,1.,0.));
#3238=DIRECTION('',(-1.,0.,0.));
#3239=DIRECTION('',(0.,1.,0.));
#3240=DIRECTION('',(-1.,0.,0.));
#3241=DIRECTION('',(0.,1.,0.));
#3242=DIRECTION('',(-1.,0.,0.));
#3243=DIRECTION('',(0.,1.,0.));
#3244=DIRECTION('',(-1.,0.,0.));
#3245=DIRECTION('',(0.,1.,0.));
#3246=DIRECTION('',(-1.,0.,0.));
#3247=DIRECTION('',(0.,1.,0.));
#3248=DIRECTION('',(-1.,0.,0.));
#3249=DIRECTION('',(0.,1.,0.));
#3250=DIRECTION('',(0.,0.,-1.));
#3251=DIRECTION('',(-1.,0.,0.));
#3252=DIRECTION('',(0.,0.,-1.));
#3253=DIRECTION('',(-1.,0.,0.));
#3254=DIRECTION('',(0.,0.,-1.));
#3255=DIRECTION('',(-1.,0.,0.));
#3256=DIRECTION('',(0.,0.,-1.));
#3257=DIRECTION('',(-1.,0.,0.));
#3258=DIRECTION('',(0.,0.,1.));
#3259=DIRECTION('',(1.,0.,0.));
#3260=DIRECTION('',(0.,0.,1.));
#3261=DIRECTION('',(1.,0.,0.));
#3262=DIRECTION('',(0.,0.,1.));
#3263=DIRECTION('',(1.,0.,0.));
#3264=DIRECTION('',(0.,0.,1.));
#3265=DIRECTION('',(1.,0.,0.));
#3266=DIRECTION('',(0.,0.,1.));
#3267=DIRECTION('',(1.,0.,0.));
#3268=DIRECTION('',(0.,1.,0.));
#3269=DIRECTION('',(-1.,0.,0.));
#3270=DIRECTION('',(0.,1.,0.));
#3271=DIRECTION('',(-1.,0.,0.));
#3272=DIRECTION('',(0.,1.,0.));
#3273=DIRECTION('',(-1.,0.,0.));
#3274=DIRECTION('',(0.,1.,0.));
#3275=DIRECTION('',(-1.,0.,0.));
#3276=DIRECTION('',(0.,1.,0.));
#3277=DIRECTION('',(-1.,0.,0.));
#3278=DIRECTION('',(0.,1.,0.));
#3279=DIRECTION('',(-1.,0.,0.));
#3280=DIRECTION('',(0.,1.,0.));
#3281=DIRECTION('',(-1.,0.,0.));
#3282=DIRECTION('',(0.,1.,0.));
#3283=DIRECTION('',(-1.,0.,0.));
#3284=DIRECTION('',(0.,1.,0.));
#3285=DIRECTION('',(-1.,0.,0.));
#3286=DIRECTION('',(0.,1.,0.));
#3287=DIRECTION('',(-1.,0.,0.));
#3288=DIRECTION('',(0.,1.,0.));
#3289=DIRECTION('',(-1.,0.,0.));
#3290=DIRECTION('',(0.,1.,0.));
#3291=DIRECTION('',(-1.,0.,0.));
#3292=DIRECTION('',(0.,1.,0.));
#3293=DIRECTION('',(-1.,0.,0.));
#3294=DIRECTION('',(0.,1.,0.));
#3295=DIRECTION('',(-1.,0.,0.));
#3296=DIRECTION('',(0.,0.,1.));
#3297=DIRECTION('',(1.,0.,0.));
#3298=DIRECTION('',(0.,0.,1.));
#3299=DIRECTION('',(1.,0.,0.));
#3300=DIRECTION('',(0.,0.,1.));
#3301=DIRECTION('',(1.,0.,0.));
#3302=DIRECTION('',(0.,0.,1.));
#3303=DIRECTION('',(1.,0.,0.));
#3304=DIRECTION('',(0.,0.,1.));
#3305=DIRECTION('',(1.,0.,0.));
#3306=DIRECTION('',(0.,0.,1.));
#3307=DIRECTION('',(1.,0.,0.));
#3308=DIRECTION('',(0.,0.,1.));
#3309=DIRECTION('',(1.,0.,0.));
#3310=DIRECTION('',(0.,0.,1.));
#3311=DIRECTION('',(1.,0.,0.));
#3312=DIRECTION('',(0.,0.,-1.));
#3313=DIRECTION('',(-1.,0.,0.));
#3314=DIRECTION('',(0.,0.,1.));
#3315=DIRECTION('',(1.,0.,0.));
#3316=DIRECTION('',(0.,0.,-1.));
#3317=DIRECTION('',(-1.,0.,0.));
#3318=DIRECTION('',(0.,0.,1.));
#3319=DIRECTION('',(1.,0.,0.));
#3320=DIRECTION('',(0.,0.,-1.));
#3321=DIRECTION('',(-1.,0.,0.));
#3322=DIRECTION('',(0.,0.,-1.));
#3323=DIRECTION('',(-1.,0.,0.));
#3324=DIRECTION('',(0.,0.,-1.));
#3325=DIRECTION('',(-1.,0.,0.));
#3326=DIRECTION('',(0.,0.,-1.));
#3327=DIRECTION('',(-1.,0.,0.));
#3328=DIRECTION('',(0.,1.,0.));
#3329=DIRECTION('',(0.,0.,1.));
#3330=DIRECTION('',(0.,0.,-1.));
#3331=DIRECTION('',(0.,0.,-1.));
#3332=DIRECTION('',(1.,0.,0.));
#3333=DIRECTION('',(0.,0.,-1.));
#3334=DIRECTION('',(0.,0.,-1.));
#3335=DIRECTION('',(0.,1.,0.));
#3336=DIRECTION('',(0.,0.,1.));
#3337=DIRECTION('',(0.,0.,-1.));
#3338=DIRECTION('',(1.,0.,0.));
#3339=DIRECTION('',(0.,0.,-1.));
#3340=DIRECTION('',(0.,1.,0.));
#3341=DIRECTION('',(0.,0.,1.));
#3342=DIRECTION('',(0.,0.,-1.));
#3343=DIRECTION('',(0.,0.,-1.));
#3344=DIRECTION('',(1.,0.,0.));
#3345=DIRECTION('',(0.,0.,-1.));
#3346=DIRECTION('',(0.,0.,-1.));
#3347=DIRECTION('',(0.,1.,0.));
#3348=DIRECTION('',(0.,0.,1.));
#3349=DIRECTION('',(0.,0.,-1.));
#3350=DIRECTION('',(1.,0.,0.));
#3351=DIRECTION('',(0.,0.,-1.));
#3352=DIRECTION('',(0.,1.,0.));
#3353=DIRECTION('',(0.,0.,1.));
#3354=DIRECTION('',(0.,0.,-1.));
#3355=DIRECTION('',(0.,0.,-1.));
#3356=DIRECTION('',(1.,0.,0.));
#3357=DIRECTION('',(0.,0.,-1.));
#3358=DIRECTION('',(0.,0.,-1.));
#3359=DIRECTION('',(0.,1.,0.));
#3360=DIRECTION('',(0.,0.,1.));
#3361=DIRECTION('',(0.,0.,-1.));
#3362=DIRECTION('',(1.,0.,0.));
#3363=DIRECTION('',(0.,0.,-1.));
#3364=DIRECTION('',(0.,1.,0.));
#3365=DIRECTION('',(0.,0.,1.));
#3366=DIRECTION('',(0.,0.,-1.));
#3367=DIRECTION('',(0.,0.,-1.));
#3368=DIRECTION('',(1.,0.,0.));
#3369=DIRECTION('',(0.,0.,-1.));
#3370=DIRECTION('',(0.,0.,-1.));
#3371=DIRECTION('',(0.,1.,0.));
#3372=DIRECTION('',(0.,0.,1.));
#3373=DIRECTION('',(0.,0.,-1.));
#3374=DIRECTION('',(1.,0.,0.));
#3375=DIRECTION('',(0.,0.,-1.));
#3376=DIRECTION('',(0.,1.,0.));
#3377=DIRECTION('',(0.,0.,1.));
#3378=DIRECTION('',(0.,0.,-1.));
#3379=DIRECTION('',(0.,0.,-1.));
#3380=DIRECTION('',(1.,0.,0.));
#3381=DIRECTION('',(0.,0.,-1.));
#3382=DIRECTION('',(0.,0.,-1.));
#3383=DIRECTION('',(0.,1.,0.));
#3384=DIRECTION('',(0.,0.,1.));
#3385=DIRECTION('',(0.,0.,-1.));
#3386=DIRECTION('',(1.,0.,0.));
#3387=DIRECTION('',(0.,0.,-1.));
#3388=DIRECTION('',(0.,1.,0.));
#3389=DIRECTION('',(0.,0.,1.));
#3390=DIRECTION('',(0.,0.,-1.));
#3391=DIRECTION('',(0.,0.,-1.));
#3392=DIRECTION('',(1.,0.,0.));
#3393=DIRECTION('',(0.,0.,-1.));
#3394=DIRECTION('',(0.,0.,-1.));
#3395=DIRECTION('',(0.,1.,0.));
#3396=DIRECTION('',(0.,0.,1.));
#3397=DIRECTION('',(0.,0.,-1.));
#3398=DIRECTION('',(1.,0.,0.));
#3399=DIRECTION('',(0.,0.,-1.));
#3400=DIRECTION('',(0.,1.,0.));
#3401=DIRECTION('',(0.,0.,1.));
#3402=DIRECTION('',(0.,0.,-1.));
#3403=DIRECTION('',(0.,0.,-1.));
#3404=DIRECTION('',(1.,0.,0.));
#3405=DIRECTION('',(0.,0.,-1.));
#3406=DIRECTION('',(0.,0.,-1.));
#3407=DIRECTION('',(0.,1.,0.));
#3408=DIRECTION('',(0.,0.,1.));
#3409=DIRECTION('',(0.,0.,-1.));
#3410=DIRECTION('',(1.,0.,0.));
#3411=DIRECTION('',(0.,0.,-1.));
#3412=DIRECTION('',(0.,0.,1.));
#3413=DIRECTION('',(1.,0.,0.));
#3414=DIRECTION('',(0.,1.,0.));
#3415=DIRECTION('',(0.,0.,1.));
#3416=DIRECTION('',(1.,0.,0.));
#3417=DIRECTION('',(0.,0.,1.));
#3418=DIRECTION('',(1.,0.,0.));
#3419=DIRECTION('',(0.,0.,-1.));
#3420=DIRECTION('',(1.,0.,0.));
#3421=DIRECTION('',(0.,0.,-1.));
#3422=DIRECTION('',(1.,0.,0.));
#3423=DIRECTION('',(0.,0.,1.));
#3424=DIRECTION('',(0.,-1.,0.));
#3425=DIRECTION('',(0.,0.,-1.));
#3426=DIRECTION('',(1.,0.,0.));
#3427=DIRECTION('',(0.,0.,-1.));
#3428=DIRECTION('',(1.,0.,0.));
#3429=DIRECTION('',(0.,0.,1.));
#3430=DIRECTION('',(0.,0.,1.));
#3431=DIRECTION('',(1.,0.,0.));
#3432=DIRECTION('',(0.,1.,0.));
#3433=DIRECTION('',(0.,-1.,0.));
#3434=DIRECTION('',(1.,0.,0.));
#3435=DIRECTION('',(0.,-1.,0.));
#3436=DIRECTION('',(1.,0.,0.));
#3437=DIRECTION('',(0.,1.,0.));
#3438=DIRECTION('',(0.,0.,1.));
#3439=DIRECTION('',(1.,0.,0.));
#3440=DIRECTION('',(0.,-1.,0.));
#3441=DIRECTION('',(0.,0.,1.));
#3442=DIRECTION('',(1.,0.,0.));
#3443=DIRECTION('',(1.,0.,0.));
#3444=DIRECTION('',(0.,0.,1.));
#3445=DIRECTION('',(1.,0.,0.));
#3446=DIRECTION('',(0.,-1.,0.));
#3447=DIRECTION('',(0.,0.,1.));
#3448=DIRECTION('',(1.,0.,0.));
#3449=DIRECTION('',(0.,0.,1.));
#3450=DIRECTION('',(1.,0.,0.));
#3451=DIRECTION('',(0.,0.,1.));
#3452=DIRECTION('',(1.,0.,0.));
#3453=DIRECTION('',(0.,0.,1.));
#3454=DIRECTION('',(1.,0.,0.));
#3455=DIRECTION('',(0.,0.,1.));
#3456=DIRECTION('',(1.,0.,0.));
#3457=DIRECTION('',(1.,0.,0.));
#3458=DIRECTION('',(0.,0.,-1.));
#3459=DIRECTION('',(0.,0.,-1.));
#3460=DIRECTION('',(0.,-1.,0.));
#3461=DIRECTION('',(0.,0.,-1.));
#3462=DIRECTION('',(0.,1.,0.));
#3463=DIRECTION('',(0.,0.,1.));
#3464=DIRECTION('',(0.,0.,-1.));
#3465=DIRECTION('',(1.,0.,0.));
#3466=DIRECTION('',(0.,0.,-1.));
#3467=DIRECTION('',(1.,0.,0.));
#3468=DIRECTION('',(0.,0.,-1.));
#3469=DIRECTION('',(0.,0.,-1.));
#3470=DIRECTION('',(0.,-1.,0.));
#3471=DIRECTION('',(0.,0.,-1.));
#3472=DIRECTION('',(0.,0.,1.));
#3473=DIRECTION('',(1.,0.,0.));
#3474=DIRECTION('',(0.,0.,1.));
#3475=DIRECTION('',(-1.,0.,0.));
#3476=DIRECTION('',(0.,0.,1.));
#3477=DIRECTION('',(1.,0.,0.));
#3478=DIRECTION('',(0.,0.,1.));
#3479=DIRECTION('',(1.,0.,0.));
#3480=DIRECTION('',(0.,0.,1.));
#3481=DIRECTION('',(1.,0.,0.));
#3482=DIRECTION('',(0.,0.,1.));
#3483=DIRECTION('',(1.,0.,0.));
#3484=DIRECTION('',(0.,0.,1.));
#3485=DIRECTION('',(1.,0.,0.));
#3486=DIRECTION('',(0.,0.,1.));
#3487=DIRECTION('',(1.,0.,0.));
#3488=DIRECTION('',(0.,0.,1.));
#3489=DIRECTION('',(1.,0.,0.));
#3490=DIRECTION('',(0.,0.,1.));
#3491=DIRECTION('',(1.,0.,0.));
#3492=DIRECTION('',(0.,0.,-1.));
#3493=DIRECTION('',(-1.,0.,0.));
#3494=DIRECTION('',(0.,0.,1.));
#3495=DIRECTION('',(1.,0.,0.));
#3496=DIRECTION('',(0.,0.,-1.));
#3497=DIRECTION('',(-1.,0.,0.));
#3498=DIRECTION('',(0.,0.,-1.));
#3499=DIRECTION('',(-1.,0.,0.));
#3500=DIRECTION('',(0.,0.,-1.));
#3501=DIRECTION('',(-1.,0.,0.));
#3502=DIRECTION('',(0.,0.,-1.));
#3503=DIRECTION('',(-1.,0.,0.));
#3504=DIRECTION('',(0.,0.,1.));
#3505=DIRECTION('',(-1.,0.,0.));
#3506=DIRECTION('',(0.,-1.,0.));
#3507=DIRECTION('',(0.,0.,-1.));
#3508=DIRECTION('',(0.,0.,-1.));
#3509=DIRECTION('',(0.,0.,1.));
#3510=DIRECTION('',(1.,0.,0.));
#3511=DIRECTION('',(-1.,0.,0.));
#3512=DIRECTION('',(0.,0.,1.));
#3513=DIRECTION('',(0.,0.,1.));
#3514=DIRECTION('',(0.,-1.,0.));
#3515=DIRECTION('',(0.,-1.,0.));
#3516=DIRECTION('',(0.,0.,-1.));
#3517=DIRECTION('',(0.,0.,1.));
#3518=DIRECTION('',(1.,0.,0.));
#3519=DIRECTION('',(-1.,0.,0.));
#3520=DIRECTION('',(0.,0.,1.));
#3521=DIRECTION('',(0.,-1.,0.));
#3522=DIRECTION('',(0.,0.,1.));
#3523=DIRECTION('',(1.,0.,0.));
#3524=DIRECTION('',(0.,1.,0.));
#3525=DIRECTION('',(0.,1.,0.));
#3526=DIRECTION('',(-1.,0.,0.));
#3527=DIRECTION('',(0.,0.,1.));
#3528=DIRECTION('',(-1.,0.,0.));
#3529=DIRECTION('',(0.,0.,1.));
#3530=DIRECTION('',(0.,0.,1.));
#3531=DIRECTION('',(1.,0.,0.));
#3532=CARTESIAN_POINT('',(0.,0.,0.));
#3533=CARTESIAN_POINT('',(0.16392,-0.104216,0.));
#3534=CARTESIAN_POINT('',(0.16392,-0.104216,0.));
#3535=CARTESIAN_POINT('',(0.16392,-0.104216,0.));
#3536=CARTESIAN_POINT('',(0.16392,-0.104216,0.00151));
#3537=CARTESIAN_POINT('',(0.16392,-0.104216,0.00151));
#3538=CARTESIAN_POINT('',(0.08092,-0.104216,0.00151));
#3539=CARTESIAN_POINT('',(0.08092,-0.104216,0.));
#3540=CARTESIAN_POINT('',(0.08092,-0.104216,0.));
#3541=CARTESIAN_POINT('',(0.,-0.104216,0.));
#3542=CARTESIAN_POINT('',(0.16392,-0.063216,0.));
#3543=CARTESIAN_POINT('',(0.16392,-0.063216,0.));
#3544=CARTESIAN_POINT('',(0.16392,-0.063216,0.));
#3545=CARTESIAN_POINT('',(0.16392,-0.063216,0.00151));
#3546=CARTESIAN_POINT('',(0.16392,-0.063216,0.00151));
#3547=CARTESIAN_POINT('',(0.16392,0.,0.));
#3548=CARTESIAN_POINT('',(0.08092,-0.104216,0.));
#3549=CARTESIAN_POINT('',(0.08092,-0.104216,0.00151));
#3550=CARTESIAN_POINT('',(0.08092,-0.063216,0.00151));
#3551=CARTESIAN_POINT('',(0.08092,-0.063216,0.));
#3552=CARTESIAN_POINT('',(0.08092,-0.063216,0.));
#3553=CARTESIAN_POINT('',(0.08092,0.,0.));
#3554=CARTESIAN_POINT('',(0.,0.,0.));
#3555=CARTESIAN_POINT('',(0.,-0.063216,0.));
#3556=CARTESIAN_POINT('',(0.10884,-0.093,0.));
#3557=CARTESIAN_POINT('',(0.10799,-0.093,0.));
#3558=CARTESIAN_POINT('',(0.11392,-0.093,0.));
#3559=CARTESIAN_POINT('',(0.11192,-0.093,0.));
#3560=CARTESIAN_POINT('',(0.119,-0.093,0.));
#3561=CARTESIAN_POINT('',(0.11815,-0.093,0.));
#3562=CARTESIAN_POINT('',(0.11011,-0.09046,0.));
#3563=CARTESIAN_POINT('',(0.10936,-0.09046,0.));
#3564=CARTESIAN_POINT('',(0.11646,-0.08792,0.));
#3565=CARTESIAN_POINT('',(0.11571,-0.08792,0.));
#3566=CARTESIAN_POINT('',(0.08467,-0.081836,0.));
#3567=CARTESIAN_POINT('',(0.08417,-0.081836,0.));
#3568=CARTESIAN_POINT('',(0.09992,-0.081836,0.));
#3569=CARTESIAN_POINT('',(0.09942,-0.081836,0.));
#3570=CARTESIAN_POINT('',(0.1288,-0.093,0.));
#3571=CARTESIAN_POINT('',(0.12795,-0.093,0.));
#3572=CARTESIAN_POINT('',(0.13388,-0.093,0.));
#3573=CARTESIAN_POINT('',(0.13188,-0.093,0.));
#3574=CARTESIAN_POINT('',(0.13896,-0.093,0.));
#3575=CARTESIAN_POINT('',(0.13811,-0.093,0.));
#3576=CARTESIAN_POINT('',(0.13007,-0.09046,0.));
#3577=CARTESIAN_POINT('',(0.12932,-0.09046,0.));
#3578=CARTESIAN_POINT('',(0.13642,-0.08792,0.));
#3579=CARTESIAN_POINT('',(0.13567,-0.08792,0.));
#3580=CARTESIAN_POINT('',(0.14876,-0.093,0.));
#3581=CARTESIAN_POINT('',(0.14791,-0.093,0.));
#3582=CARTESIAN_POINT('',(0.15384,-0.093,0.));
#3583=CARTESIAN_POINT('',(0.15184,-0.093,0.));
#3584=CARTESIAN_POINT('',(0.15892,-0.093,0.));
#3585=CARTESIAN_POINT('',(0.15807,-0.093,0.));
#3586=CARTESIAN_POINT('',(0.15003,-0.09046,0.));
#3587=CARTESIAN_POINT('',(0.14928,-0.09046,0.));
#3588=CARTESIAN_POINT('',(0.15638,-0.08792,0.));
#3589=CARTESIAN_POINT('',(0.15563,-0.08792,0.));
#3590=CARTESIAN_POINT('',(0.08467,-0.079296,0.));
#3591=CARTESIAN_POINT('',(0.08417,-0.079296,0.));
#3592=CARTESIAN_POINT('',(0.08467,-0.076756,0.));
#3593=CARTESIAN_POINT('',(0.08417,-0.076756,0.));
#3594=CARTESIAN_POINT('',(0.09992,-0.079296,0.));
#3595=CARTESIAN_POINT('',(0.09942,-0.079296,0.));
#3596=CARTESIAN_POINT('',(0.09992,-0.076756,0.));
#3597=CARTESIAN_POINT('',(0.09942,-0.076756,0.));
#3598=CARTESIAN_POINT('',(0.08467,-0.074216,0.));
#3599=CARTESIAN_POINT('',(0.08417,-0.074216,0.));
#3600=CARTESIAN_POINT('',(0.09992,-0.074216,0.));
#3601=CARTESIAN_POINT('',(0.09942,-0.074216,0.));
#3602=CARTESIAN_POINT('',(0.10884,-0.073216,0.));
#3603=CARTESIAN_POINT('',(0.10799,-0.073216,0.));
#3604=CARTESIAN_POINT('',(0.11392,-0.073216,0.));
#3605=CARTESIAN_POINT('',(0.11192,-0.073216,0.));
#3606=CARTESIAN_POINT('',(0.119,-0.073216,0.));
#3607=CARTESIAN_POINT('',(0.11815,-0.073216,0.));
#3608=CARTESIAN_POINT('',(0.08467,-0.071676,0.));
#3609=CARTESIAN_POINT('',(0.08417,-0.071676,0.));
#3610=CARTESIAN_POINT('',(0.08467,-0.069136,0.));
#3611=CARTESIAN_POINT('',(0.08417,-0.069136,0.));
#3612=CARTESIAN_POINT('',(0.09992,-0.071676,0.));
#3613=CARTESIAN_POINT('',(0.09942,-0.071676,0.));
#3614=CARTESIAN_POINT('',(0.09992,-0.069136,0.));
#3615=CARTESIAN_POINT('',(0.09942,-0.069136,0.));
#3616=CARTESIAN_POINT('',(0.08467,-0.066596,0.));
#3617=CARTESIAN_POINT('',(0.08417,-0.066596,0.));
#3618=CARTESIAN_POINT('',(0.0889895,-0.065216,0.));
#3619=CARTESIAN_POINT('',(0.0884895,-0.065216,0.));
#3620=CARTESIAN_POINT('',(0.0915295,-0.065216,0.));
#3621=CARTESIAN_POINT('',(0.0910295,-0.065216,0.));
#3622=CARTESIAN_POINT('',(0.0940695,-0.065216,0.));
#3623=CARTESIAN_POINT('',(0.0935695,-0.065216,0.));
#3624=CARTESIAN_POINT('',(0.0966095,-0.065216,0.));
#3625=CARTESIAN_POINT('',(0.0961095,-0.065216,0.));
#3626=CARTESIAN_POINT('',(0.09992,-0.066596,0.));
#3627=CARTESIAN_POINT('',(0.09942,-0.066596,0.));
#3628=CARTESIAN_POINT('',(0.11011,-0.070676,0.));
#3629=CARTESIAN_POINT('',(0.10936,-0.070676,0.));
#3630=CARTESIAN_POINT('',(0.11646,-0.068136,0.));
#3631=CARTESIAN_POINT('',(0.11571,-0.068136,0.));
#3632=CARTESIAN_POINT('',(0.1288,-0.073216,0.));
#3633=CARTESIAN_POINT('',(0.12795,-0.073216,0.));
#3634=CARTESIAN_POINT('',(0.13388,-0.073216,0.));
#3635=CARTESIAN_POINT('',(0.13188,-0.073216,0.));
#3636=CARTESIAN_POINT('',(0.13896,-0.073216,0.));
#3637=CARTESIAN_POINT('',(0.13811,-0.073216,0.));
#3638=CARTESIAN_POINT('',(0.15507,-0.078066,0.));
#3639=CARTESIAN_POINT('',(0.15377,-0.078066,0.));
#3640=CARTESIAN_POINT('',(0.15507,-0.078066,0.));
#3641=CARTESIAN_POINT('',(0.15377,-0.078816,0.));
#3642=CARTESIAN_POINT('',(0.15377,-0.079566,0.));
#3643=CARTESIAN_POINT('',(0.15377,-0.079566,0.));
#3644=CARTESIAN_POINT('',(0.15507,-0.079566,0.));
#3645=CARTESIAN_POINT('',(0.15507,-0.078816,0.));
#3646=CARTESIAN_POINT('',(0.14692,-0.075716,0.));
#3647=CARTESIAN_POINT('',(0.14642,-0.075716,0.));
#3648=CARTESIAN_POINT('',(0.14692,-0.073216,0.));
#3649=CARTESIAN_POINT('',(0.14642,-0.073216,0.));
#3650=CARTESIAN_POINT('',(0.16142,-0.075716,0.));
#3651=CARTESIAN_POINT('',(0.16092,-0.075716,0.));
#3652=CARTESIAN_POINT('',(0.13007,-0.070676,0.));
#3653=CARTESIAN_POINT('',(0.12932,-0.070676,0.));
#3654=CARTESIAN_POINT('',(0.13642,-0.068136,0.));
#3655=CARTESIAN_POINT('',(0.13567,-0.068136,0.));
#3656=CARTESIAN_POINT('',(0.14692,-0.070716,0.));
#3657=CARTESIAN_POINT('',(0.14642,-0.070716,0.));
#3658=CARTESIAN_POINT('',(0.16142,-0.070716,0.));
#3659=CARTESIAN_POINT('',(0.16092,-0.070716,0.));
#3660=CARTESIAN_POINT('',(0.15507,-0.066866,0.));
#3661=CARTESIAN_POINT('',(0.15377,-0.066866,0.));
#3662=CARTESIAN_POINT('',(0.15507,-0.066866,0.));
#3663=CARTESIAN_POINT('',(0.15377,-0.067616,0.));
#3664=CARTESIAN_POINT('',(0.15377,-0.068366,0.));
#3665=CARTESIAN_POINT('',(0.15377,-0.068366,0.));
#3666=CARTESIAN_POINT('',(0.15507,-0.068366,0.));
#3667=CARTESIAN_POINT('',(0.15507,-0.067616,0.));
#3668=CARTESIAN_POINT('',(0.,0.,0.00151));
#3669=CARTESIAN_POINT('',(0.08092,-0.063216,0.00151));
#3670=CARTESIAN_POINT('',(0.10884,-0.093,0.00151));
#3671=CARTESIAN_POINT('',(0.10799,-0.093,0.00151));
#3672=CARTESIAN_POINT('',(0.11392,-0.093,0.00151));
#3673=CARTESIAN_POINT('',(0.11192,-0.093,0.00151));
#3674=CARTESIAN_POINT('',(0.119,-0.093,0.00151));
#3675=CARTESIAN_POINT('',(0.11815,-0.093,0.00151));
#3676=CARTESIAN_POINT('',(0.11011,-0.09046,0.00151));
#3677=CARTESIAN_POINT('',(0.10936,-0.09046,0.00151));
#3678=CARTESIAN_POINT('',(0.11646,-0.08792,0.00151));
#3679=CARTESIAN_POINT('',(0.11571,-0.08792,0.00151));
#3680=CARTESIAN_POINT('',(0.08467,-0.081836,0.00151));
#3681=CARTESIAN_POINT('',(0.08417,-0.081836,0.00151));
#3682=CARTESIAN_POINT('',(0.09992,-0.081836,0.00151));
#3683=CARTESIAN_POINT('',(0.09942,-0.081836,0.00151));
#3684=CARTESIAN_POINT('',(0.1288,-0.093,0.00151));
#3685=CARTESIAN_POINT('',(0.12795,-0.093,0.00151));
#3686=CARTESIAN_POINT('',(0.13388,-0.093,0.00151));
#3687=CARTESIAN_POINT('',(0.13188,-0.093,0.00151));
#3688=CARTESIAN_POINT('',(0.13896,-0.093,0.00151));
#3689=CARTESIAN_POINT('',(0.13811,-0.093,0.00151));
#3690=CARTESIAN_POINT('',(0.13007,-0.09046,0.00151));
#3691=CARTESIAN_POINT('',(0.12932,-0.09046,0.00151));
#3692=CARTESIAN_POINT('',(0.13642,-0.08792,0.00151));
#3693=CARTESIAN_POINT('',(0.13567,-0.08792,0.00151));
#3694=CARTESIAN_POINT('',(0.14876,-0.093,0.00151));
#3695=CARTESIAN_POINT('',(0.14791,-0.093,0.00151));
#3696=CARTESIAN_POINT('',(0.15384,-0.093,0.00151));
#3697=CARTESIAN_POINT('',(0.15184,-0.093,0.00151));
#3698=CARTESIAN_POINT('',(0.15892,-0.093,0.00151));
#3699=CARTESIAN_POINT('',(0.15807,-0.093,0.00151));
#3700=CARTESIAN_POINT('',(0.15003,-0.09046,0.00151));
#3701=CARTESIAN_POINT('',(0.14928,-0.09046,0.00151));
#3702=CARTESIAN_POINT('',(0.15638,-0.08792,0.00151));
#3703=CARTESIAN_POINT('',(0.15563,-0.08792,0.00151));
#3704=CARTESIAN_POINT('',(0.08467,-0.079296,0.00151));
#3705=CARTESIAN_POINT('',(0.08417,-0.079296,0.00151));
#3706=CARTESIAN_POINT('',(0.08467,-0.076756,0.00151));
#3707=CARTESIAN_POINT('',(0.08417,-0.076756,0.00151));
#3708=CARTESIAN_POINT('',(0.09992,-0.079296,0.00151));
#3709=CARTESIAN_POINT('',(0.09942,-0.079296,0.00151));
#3710=CARTESIAN_POINT('',(0.09992,-0.076756,0.00151));
#3711=CARTESIAN_POINT('',(0.09942,-0.076756,0.00151));
#3712=CARTESIAN_POINT('',(0.08467,-0.074216,0.00151));
#3713=CARTESIAN_POINT('',(0.08417,-0.074216,0.00151));
#3714=CARTESIAN_POINT('',(0.09992,-0.074216,0.00151));
#3715=CARTESIAN_POINT('',(0.09942,-0.074216,0.00151));
#3716=CARTESIAN_POINT('',(0.10884,-0.073216,0.00151));
#3717=CARTESIAN_POINT('',(0.10799,-0.073216,0.00151));
#3718=CARTESIAN_POINT('',(0.11392,-0.073216,0.00151));
#3719=CARTESIAN_POINT('',(0.11192,-0.073216,0.00151));
#3720=CARTESIAN_POINT('',(0.119,-0.073216,0.00151));
#3721=CARTESIAN_POINT('',(0.11815,-0.073216,0.00151));
#3722=CARTESIAN_POINT('',(0.08467,-0.071676,0.00151));
#3723=CARTESIAN_POINT('',(0.08417,-0.071676,0.00151));
#3724=CARTESIAN_POINT('',(0.08467,-0.069136,0.00151));
#3725=CARTESIAN_POINT('',(0.08417,-0.069136,0.00151));
#3726=CARTESIAN_POINT('',(0.09992,-0.071676,0.00151));
#3727=CARTESIAN_POINT('',(0.09942,-0.071676,0.00151));
#3728=CARTESIAN_POINT('',(0.09992,-0.069136,0.00151));
#3729=CARTESIAN_POINT('',(0.09942,-0.069136,0.00151));
#3730=CARTESIAN_POINT('',(0.08467,-0.066596,0.00151));
#3731=CARTESIAN_POINT('',(0.08417,-0.066596,0.00151));
#3732=CARTESIAN_POINT('',(0.0889895,-0.065216,0.00151));
#3733=CARTESIAN_POINT('',(0.0884895,-0.065216,0.00151));
#3734=CARTESIAN_POINT('',(0.0915295,-0.065216,0.00151));
#3735=CARTESIAN_POINT('',(0.0910295,-0.065216,0.00151));
#3736=CARTESIAN_POINT('',(0.0940695,-0.065216,0.00151));
#3737=CARTESIAN_POINT('',(0.0935695,-0.065216,0.00151));
#3738=CARTESIAN_POINT('',(0.0966095,-0.065216,0.00151));
#3739=CARTESIAN_POINT('',(0.0961095,-0.065216,0.00151));
#3740=CARTESIAN_POINT('',(0.09992,-0.066596,0.00151));
#3741=CARTESIAN_POINT('',(0.09942,-0.066596,0.00151));
#3742=CARTESIAN_POINT('',(0.11011,-0.070676,0.00151));
#3743=CARTESIAN_POINT('',(0.10936,-0.070676,0.00151));
#3744=CARTESIAN_POINT('',(0.11646,-0.068136,0.00151));
#3745=CARTESIAN_POINT('',(0.11571,-0.068136,0.00151));
#3746=CARTESIAN_POINT('',(0.1288,-0.073216,0.00151));
#3747=CARTESIAN_POINT('',(0.12795,-0.073216,0.00151));
#3748=CARTESIAN_POINT('',(0.13388,-0.073216,0.00151));
#3749=CARTESIAN_POINT('',(0.13188,-0.073216,0.00151));
#3750=CARTESIAN_POINT('',(0.13896,-0.073216,0.00151));
#3751=CARTESIAN_POINT('',(0.13811,-0.073216,0.00151));
#3752=CARTESIAN_POINT('',(0.15507,-0.078816,0.00151));
#3753=CARTESIAN_POINT('',(0.15507,-0.078066,0.00151));
#3754=CARTESIAN_POINT('',(0.15507,-0.079566,0.00151));
#3755=CARTESIAN_POINT('',(0.,-0.079566,0.00151));
#3756=CARTESIAN_POINT('',(0.15377,-0.079566,0.00151));
#3757=CARTESIAN_POINT('',(0.15377,-0.078816,0.00151));
#3758=CARTESIAN_POINT('',(0.15377,-0.078066,0.00151));
#3759=CARTESIAN_POINT('',(0.,-0.078066,0.00151));
#3760=CARTESIAN_POINT('',(0.14692,-0.075716,0.00151));
#3761=CARTESIAN_POINT('',(0.14642,-0.075716,0.00151));
#3762=CARTESIAN_POINT('',(0.14692,-0.073216,0.00151));
#3763=CARTESIAN_POINT('',(0.14642,-0.073216,0.00151));
#3764=CARTESIAN_POINT('',(0.16142,-0.075716,0.00151));
#3765=CARTESIAN_POINT('',(0.16092,-0.075716,0.00151));
#3766=CARTESIAN_POINT('',(0.13007,-0.070676,0.00151));
#3767=CARTESIAN_POINT('',(0.12932,-0.070676,0.00151));
#3768=CARTESIAN_POINT('',(0.13642,-0.068136,0.00151));
#3769=CARTESIAN_POINT('',(0.13567,-0.068136,0.00151));
#3770=CARTESIAN_POINT('',(0.14692,-0.070716,0.00151));
#3771=CARTESIAN_POINT('',(0.14642,-0.070716,0.00151));
#3772=CARTESIAN_POINT('',(0.16142,-0.070716,0.00151));
#3773=CARTESIAN_POINT('',(0.16092,-0.070716,0.00151));
#3774=CARTESIAN_POINT('',(0.15507,-0.067616,0.00151));
#3775=CARTESIAN_POINT('',(0.15507,-0.066866,0.00151));
#3776=CARTESIAN_POINT('',(0.15507,-0.068366,0.00151));
#3777=CARTESIAN_POINT('',(0.,-0.068366,0.00151));
#3778=CARTESIAN_POINT('',(0.15377,-0.068366,0.00151));
#3779=CARTESIAN_POINT('',(0.15377,-0.067616,0.00151));
#3780=CARTESIAN_POINT('',(0.15377,-0.066866,0.00151));
#3781=CARTESIAN_POINT('',(0.,-0.066866,0.00151));
#3782=CARTESIAN_POINT('',(0.08092,-0.063216,0.));
#3783=CARTESIAN_POINT('',(0.10884,-0.093,-4.6E-5));
#3784=CARTESIAN_POINT('',(0.11392,-0.093,-4.6E-5));
#3785=CARTESIAN_POINT('',(0.119,-0.093,-4.6E-5));
#3786=CARTESIAN_POINT('',(0.11011,-0.09046,-4.6E-5));
#3787=CARTESIAN_POINT('',(0.11646,-0.08792,-4.6E-5));
#3788=CARTESIAN_POINT('',(0.08467,-0.081836,-4.6E-5));
#3789=CARTESIAN_POINT('',(0.09992,-0.081836,-4.6E-5));
#3790=CARTESIAN_POINT('',(0.1288,-0.093,-4.6E-5));
#3791=CARTESIAN_POINT('',(0.13388,-0.093,-4.6E-5));
#3792=CARTESIAN_POINT('',(0.13896,-0.093,-4.6E-5));
#3793=CARTESIAN_POINT('',(0.13007,-0.09046,-4.6E-5));
#3794=CARTESIAN_POINT('',(0.13642,-0.08792,-4.6E-5));
#3795=CARTESIAN_POINT('',(0.14876,-0.093,-4.6E-5));
#3796=CARTESIAN_POINT('',(0.15384,-0.093,-4.6E-5));
#3797=CARTESIAN_POINT('',(0.15892,-0.093,-4.6E-5));
#3798=CARTESIAN_POINT('',(0.15003,-0.09046,-4.6E-5));
#3799=CARTESIAN_POINT('',(0.15638,-0.08792,-4.6E-5));
#3800=CARTESIAN_POINT('',(0.08467,-0.079296,-4.6E-5));
#3801=CARTESIAN_POINT('',(0.08467,-0.076756,-4.6E-5));
#3802=CARTESIAN_POINT('',(0.09992,-0.079296,-4.6E-5));
#3803=CARTESIAN_POINT('',(0.09992,-0.076756,-4.6E-5));
#3804=CARTESIAN_POINT('',(0.08467,-0.074216,-4.6E-5));
#3805=CARTESIAN_POINT('',(0.09992,-0.074216,-4.6E-5));
#3806=CARTESIAN_POINT('',(0.10884,-0.073216,-4.6E-5));
#3807=CARTESIAN_POINT('',(0.11392,-0.073216,-4.6E-5));
#3808=CARTESIAN_POINT('',(0.119,-0.073216,-4.6E-5));
#3809=CARTESIAN_POINT('',(0.08467,-0.071676,-4.6E-5));
#3810=CARTESIAN_POINT('',(0.08467,-0.069136,-4.6E-5));
#3811=CARTESIAN_POINT('',(0.09992,-0.071676,-4.6E-5));
#3812=CARTESIAN_POINT('',(0.09992,-0.069136,-4.6E-5));
#3813=CARTESIAN_POINT('',(0.08467,-0.066596,-4.6E-5));
#3814=CARTESIAN_POINT('',(0.0889895,-0.065216,-4.6E-5));
#3815=CARTESIAN_POINT('',(0.0915295,-0.065216,-4.6E-5));
#3816=CARTESIAN_POINT('',(0.0940695,-0.065216,-4.6E-5));
#3817=CARTESIAN_POINT('',(0.0966095,-0.065216,-4.6E-5));
#3818=CARTESIAN_POINT('',(0.09992,-0.066596,-4.6E-5));
#3819=CARTESIAN_POINT('',(0.11011,-0.070676,-4.6E-5));
#3820=CARTESIAN_POINT('',(0.11646,-0.068136,-4.6E-5));
#3821=CARTESIAN_POINT('',(0.1288,-0.073216,-4.6E-5));
#3822=CARTESIAN_POINT('',(0.13388,-0.073216,-4.6E-5));
#3823=CARTESIAN_POINT('',(0.13896,-0.073216,-4.6E-5));
#3824=CARTESIAN_POINT('',(0.15507,-0.078816,-4.6E-5));
#3825=CARTESIAN_POINT('',(0.15507,-0.079566,-4.6E-5));
#3826=CARTESIAN_POINT('',(0.15507,-0.078066,-4.6E-5));
#3827=CARTESIAN_POINT('',(0.15507,-0.078066,-4.6E-5));
#3828=CARTESIAN_POINT('',(0.15377,-0.078066,-4.6E-5));
#3829=CARTESIAN_POINT('',(0.15377,-0.078816,-4.6E-5));
#3830=CARTESIAN_POINT('',(0.15377,-0.079566,-4.6E-5));
#3831=CARTESIAN_POINT('',(0.15377,-0.079566,-4.6E-5));
#3832=CARTESIAN_POINT('',(0.14692,-0.075716,-4.6E-5));
#3833=CARTESIAN_POINT('',(0.14692,-0.073216,-4.6E-5));
#3834=CARTESIAN_POINT('',(0.16142,-0.075716,-4.6E-5));
#3835=CARTESIAN_POINT('',(0.13007,-0.070676,-4.6E-5));
#3836=CARTESIAN_POINT('',(0.13642,-0.068136,-4.6E-5));
#3837=CARTESIAN_POINT('',(0.14692,-0.070716,-4.6E-5));
#3838=CARTESIAN_POINT('',(0.16142,-0.070716,-4.6E-5));
#3839=CARTESIAN_POINT('',(0.15507,-0.067616,-4.6E-5));
#3840=CARTESIAN_POINT('',(0.15507,-0.068366,-4.6E-5));
#3841=CARTESIAN_POINT('',(0.15507,-0.066866,-4.6E-5));
#3842=CARTESIAN_POINT('',(0.15507,-0.066866,-4.6E-5));
#3843=CARTESIAN_POINT('',(0.15377,-0.066866,-4.6E-5));
#3844=CARTESIAN_POINT('',(0.15377,-0.067616,-4.6E-5));
#3845=CARTESIAN_POINT('',(0.15377,-0.068366,-4.6E-5));
#3846=CARTESIAN_POINT('',(0.15377,-0.068366,-4.6E-5));
#3847=CARTESIAN_POINT('',(-0.171564688560703,0.124267674718133,-0.0096252648627758));
#3848=CARTESIAN_POINT('',(0.0487,0.,0.016));
#3849=CARTESIAN_POINT('',(0.0487,0.,0.013));
#3850=CARTESIAN_POINT('',(0.0487,0.0242,0.013));
#3851=CARTESIAN_POINT('',(0.0487,-0.0242,0.013));
#3852=CARTESIAN_POINT('',(0.0487,0.0242,0.016));
#3853=CARTESIAN_POINT('',(0.0487,0.0242,0.016));
#3854=CARTESIAN_POINT('',(0.0487,0.,0.016));
#3855=CARTESIAN_POINT('',(0.0487,-0.0242,0.016));
#3856=CARTESIAN_POINT('',(0.0487,-0.0242,0.016));
#3857=CARTESIAN_POINT('',(0.,0.0277,0.016));
#3858=CARTESIAN_POINT('',(0.,0.0277,0.013));
#3859=CARTESIAN_POINT('',(0.0452,0.0277,0.013));
#3860=CARTESIAN_POINT('',(-0.0452,0.0277,0.013));
#3861=CARTESIAN_POINT('',(-0.0452,0.0277,0.016));
#3862=CARTESIAN_POINT('',(-0.0452,0.0277,0.016));
#3863=CARTESIAN_POINT('',(0.,0.0277,0.016));
#3864=CARTESIAN_POINT('',(0.0452,0.0277,0.016));
#3865=CARTESIAN_POINT('',(0.0452,0.0277,0.013));
#3866=CARTESIAN_POINT('',(-0.0487,0.,0.016));
#3867=CARTESIAN_POINT('',(-0.0487,0.,0.016));
#3868=CARTESIAN_POINT('',(-0.0487,0.0242,0.016));
#3869=CARTESIAN_POINT('',(-0.0487,-0.0242,0.016));
#3870=CARTESIAN_POINT('',(-0.0487,0.0242,0.016));
#3871=CARTESIAN_POINT('',(-0.0487,0.0242,0.013));
#3872=CARTESIAN_POINT('',(-0.0487,0.,0.013));
#3873=CARTESIAN_POINT('',(-0.0487,-0.0242,0.013));
#3874=CARTESIAN_POINT('',(-0.0487,-0.0242,0.016));
#3875=CARTESIAN_POINT('',(0.,-0.0277,0.016));
#3876=CARTESIAN_POINT('',(0.,-0.0277,0.013));
#3877=CARTESIAN_POINT('',(0.0452,-0.0277,0.013));
#3878=CARTESIAN_POINT('',(-0.0452,-0.0277,0.013));
#3879=CARTESIAN_POINT('',(0.0452,-0.0277,0.016));
#3880=CARTESIAN_POINT('',(0.0452,-0.0277,0.016));
#3881=CARTESIAN_POINT('',(0.,-0.0277,0.016));
#3882=CARTESIAN_POINT('',(-0.0452,-0.0277,0.016));
#3883=CARTESIAN_POINT('',(-0.0452,-0.0277,0.013));
#3884=CARTESIAN_POINT('',(0.,0.,0.016));
#3885=CARTESIAN_POINT('',(0.,0.0147875526985903,0.016));
#3886=CARTESIAN_POINT('',(-0.023736257404859,0.0147875526985903,0.016));
#3887=CARTESIAN_POINT('',(-0.0355079109481661,0.0147875526985903,0.016));
#3888=CARTESIAN_POINT('',(-0.023736257404859,0.,0.016));
#3889=CARTESIAN_POINT('',(-0.023736257404859,-0.0142478803722759,0.016));
#3890=CARTESIAN_POINT('',(0.,-0.0142478803722759,0.016));
#3891=CARTESIAN_POINT('',(-0.0355079109481661,-0.0142478803722759,0.016));
#3892=CARTESIAN_POINT('',(-0.0355079109481661,0.,0.016));
#3893=CARTESIAN_POINT('',(0.,0.0174163332104013,0.016));
#3894=CARTESIAN_POINT('',(-0.0016001353576149,0.0174163332104013,0.016));
#3895=CARTESIAN_POINT('',(-0.0154637505150952,0.0174163332104013,0.016));
#3896=CARTESIAN_POINT('',(-0.0016001353576149,0.,0.016));
#3897=CARTESIAN_POINT('',(-0.0016001353576149,0.00364373380095248,0.016));
#3898=CARTESIAN_POINT('',(0.,0.00364373380095248,0.016));
#3899=CARTESIAN_POINT('',(-0.0154637505150952,0.00364373380095248,0.016));
#3900=CARTESIAN_POINT('',(-0.0154637505150952,0.,0.016));
#3901=CARTESIAN_POINT('',(0.,-0.00243776226203966,0.016));
#3902=CARTESIAN_POINT('',(-0.0016001353576149,-0.00243776226203966,0.016));
#3903=CARTESIAN_POINT('',(-0.0153501353576149,-0.00243776226203966,0.016));
#3904=CARTESIAN_POINT('',(-0.0016001353576149,0.,0.016));
#3905=CARTESIAN_POINT('',(-0.0016001353576149,-0.0161287071439294,0.016));
#3906=CARTESIAN_POINT('',(0.,-0.0161287071439294,0.016));
#3907=CARTESIAN_POINT('',(-0.0153501353576149,-0.0161287071439294,0.016));
#3908=CARTESIAN_POINT('',(-0.0153501353576149,0.,0.016));
#3909=CARTESIAN_POINT('',(0.,-0.00236965202581919,0.016));
#3910=CARTESIAN_POINT('',(0.0183655339337237,-0.00236965202581919,0.016));
#3911=CARTESIAN_POINT('',(0.00455647881561345,-0.00236965202581919,0.016));
#3912=CARTESIAN_POINT('',(0.0183655339337237,0.,0.016));
#3913=CARTESIAN_POINT('',(0.0183655339337237,-0.0161787071439295,0.016));
#3914=CARTESIAN_POINT('',(0.,-0.0161787071439295,0.016));
#3915=CARTESIAN_POINT('',(0.00455647881561345,-0.0161787071439295,0.016));
#3916=CARTESIAN_POINT('',(0.00455647881561345,0.,0.016));
#3917=CARTESIAN_POINT('',(0.,0.0173346786828423,0.016));
#3918=CARTESIAN_POINT('',(0.0183655339337237,0.0173346786828423,0.016));
#3919=CARTESIAN_POINT('',(0.00461553393372369,0.0173346786828423,0.016));
#3920=CARTESIAN_POINT('',(0.0183655339337237,0.,0.016));
#3921=CARTESIAN_POINT('',(0.0183655339337237,0.00364373380095248,0.016));
#3922=CARTESIAN_POINT('',(0.,0.00364373380095248,0.016));
#3923=CARTESIAN_POINT('',(0.00461553393372369,0.00364373380095248,0.016));
#3924=CARTESIAN_POINT('',(0.00461553393372369,0.,0.016));
#3925=CARTESIAN_POINT('',(0.,0.0162667652970154,0.016));
#3926=CARTESIAN_POINT('',(0.0379910063746686,0.0162667652970154,0.016));
#3927=CARTESIAN_POINT('',(0.0259831323589205,0.0162667652970154,0.016));
#3928=CARTESIAN_POINT('',(0.0379910063746686,0.,0.016));
#3929=CARTESIAN_POINT('',(0.0379910063746686,0.00471164718677924,0.016));
#3930=CARTESIAN_POINT('',(0.,0.00471164718677924,0.016));
#3931=CARTESIAN_POINT('',(0.0259831323589205,0.00471164718677924,0.016));
#3932=CARTESIAN_POINT('',(0.0259831323589205,0.,0.016));
#3933=CARTESIAN_POINT('',(0.,-0.00242776226203966,0.016));
#3934=CARTESIAN_POINT('',(0.0383012032250623,-0.00242776226203966,0.016));
#3935=CARTESIAN_POINT('',(0.0245512032250623,-0.00242776226203966,0.016));
#3936=CARTESIAN_POINT('',(0.0383012032250623,0.,0.016));
#3937=CARTESIAN_POINT('',(0.0383012032250623,-0.0161187071439295,0.016));
#3938=CARTESIAN_POINT('',(0.,-0.0161187071439295,0.016));
#3939=CARTESIAN_POINT('',(0.0245512032250623,-0.0161187071439295,0.016));
#3940=CARTESIAN_POINT('',(0.0245512032250623,0.,0.016));
#3941=CARTESIAN_POINT('',(-0.0452,0.0242,0.016));
#3942=CARTESIAN_POINT('',(-0.04665,0.0242,0.016));
#3943=CARTESIAN_POINT('',(0.0452,0.0242,0.016));
#3944=CARTESIAN_POINT('',(0.04375,0.0242,0.016));
#3945=CARTESIAN_POINT('',(0.0452,-0.0242,0.016));
#3946=CARTESIAN_POINT('',(0.04375,-0.0242,0.016));
#3947=CARTESIAN_POINT('',(-0.0452,-0.0242,0.016));
#3948=CARTESIAN_POINT('',(-0.04665,-0.0242,0.016));
#3949=CARTESIAN_POINT('',(-0.0452,0.0242,0.016));
#3950=CARTESIAN_POINT('',(-0.0452,-0.0242,0.016));
#3951=CARTESIAN_POINT('',(0.0452,-0.0242,0.016));
#3952=CARTESIAN_POINT('',(0.0452,0.0242,0.016));
#3953=CARTESIAN_POINT('',(0.,0.,0.013));
#3954=CARTESIAN_POINT('',(-0.023736257404859,0.,0.013));
#3955=CARTESIAN_POINT('',(-0.023736257404859,-0.0142478803722759,0.013));
#3956=CARTESIAN_POINT('',(-0.023736257404859,0.0147875526985903,0.013));
#3957=CARTESIAN_POINT('',(0.,0.0147875526985903,0.013));
#3958=CARTESIAN_POINT('',(-0.0355079109481661,0.0147875526985903,0.013));
#3959=CARTESIAN_POINT('',(-0.0355079109481661,0.,0.013));
#3960=CARTESIAN_POINT('',(-0.0355079109481661,-0.0142478803722759,0.013));
#3961=CARTESIAN_POINT('',(0.,-0.0142478803722759,0.013));
#3962=CARTESIAN_POINT('',(-0.0016001353576149,0.,0.013));
#3963=CARTESIAN_POINT('',(-0.0016001353576149,0.00364373380095248,0.013));
#3964=CARTESIAN_POINT('',(-0.0016001353576149,0.0174163332104013,0.013));
#3965=CARTESIAN_POINT('',(0.,0.0174163332104013,0.013));
#3966=CARTESIAN_POINT('',(-0.0154637505150952,0.0174163332104013,0.013));
#3967=CARTESIAN_POINT('',(-0.0154637505150952,0.,0.013));
#3968=CARTESIAN_POINT('',(-0.0154637505150952,0.00364373380095248,0.013));
#3969=CARTESIAN_POINT('',(0.,0.00364373380095248,0.013));
#3970=CARTESIAN_POINT('',(-0.0016001353576149,0.,0.013));
#3971=CARTESIAN_POINT('',(-0.0016001353576149,-0.0161287071439294,0.013));
#3972=CARTESIAN_POINT('',(-0.0016001353576149,-0.00243776226203966,0.013));
#3973=CARTESIAN_POINT('',(0.,-0.00243776226203966,0.013));
#3974=CARTESIAN_POINT('',(-0.0153501353576149,-0.00243776226203966,0.013));
#3975=CARTESIAN_POINT('',(-0.0153501353576149,0.,0.013));
#3976=CARTESIAN_POINT('',(-0.0153501353576149,-0.0161287071439294,0.013));
#3977=CARTESIAN_POINT('',(0.,-0.0161287071439294,0.013));
#3978=CARTESIAN_POINT('',(0.0183655339337237,0.,0.013));
#3979=CARTESIAN_POINT('',(0.0183655339337237,-0.0161787071439295,0.013));
#3980=CARTESIAN_POINT('',(0.0183655339337237,-0.00236965202581919,0.013));
#3981=CARTESIAN_POINT('',(0.,-0.00236965202581919,0.013));
#3982=CARTESIAN_POINT('',(0.00455647881561345,-0.00236965202581919,0.013));
#3983=CARTESIAN_POINT('',(0.00455647881561345,0.,0.013));
#3984=CARTESIAN_POINT('',(0.00455647881561345,-0.0161787071439295,0.013));
#3985=CARTESIAN_POINT('',(0.,-0.0161787071439295,0.013));
#3986=CARTESIAN_POINT('',(0.0183655339337237,0.,0.013));
#3987=CARTESIAN_POINT('',(0.0183655339337237,0.00364373380095248,0.013));
#3988=CARTESIAN_POINT('',(0.0183655339337237,0.0173346786828423,0.013));
#3989=CARTESIAN_POINT('',(0.,0.0173346786828423,0.013));
#3990=CARTESIAN_POINT('',(0.00461553393372369,0.0173346786828423,0.013));
#3991=CARTESIAN_POINT('',(0.00461553393372369,0.,0.013));
#3992=CARTESIAN_POINT('',(0.00461553393372369,0.00364373380095248,0.013));
#3993=CARTESIAN_POINT('',(0.,0.00364373380095248,0.013));
#3994=CARTESIAN_POINT('',(0.0379910063746686,0.,0.013));
#3995=CARTESIAN_POINT('',(0.0379910063746686,0.00471164718677924,0.013));
#3996=CARTESIAN_POINT('',(0.0379910063746686,0.0162667652970154,0.013));
#3997=CARTESIAN_POINT('',(0.,0.0162667652970154,0.013));
#3998=CARTESIAN_POINT('',(0.0259831323589205,0.0162667652970154,0.013));
#3999=CARTESIAN_POINT('',(0.0259831323589205,0.,0.013));
#4000=CARTESIAN_POINT('',(0.0259831323589205,0.00471164718677924,0.013));
#4001=CARTESIAN_POINT('',(0.,0.00471164718677924,0.013));
#4002=CARTESIAN_POINT('',(0.0383012032250623,0.,0.013));
#4003=CARTESIAN_POINT('',(0.0383012032250623,-0.0161187071439295,0.013));
#4004=CARTESIAN_POINT('',(0.0383012032250623,-0.00242776226203966,0.013));
#4005=CARTESIAN_POINT('',(0.,-0.00242776226203966,0.013));
#4006=CARTESIAN_POINT('',(0.0245512032250623,-0.00242776226203966,0.013));
#4007=CARTESIAN_POINT('',(0.0245512032250623,0.,0.013));
#4008=CARTESIAN_POINT('',(0.0245512032250623,-0.0161187071439295,0.013));
#4009=CARTESIAN_POINT('',(0.,-0.0161187071439295,0.013));
#4010=CARTESIAN_POINT('',(-0.0452,0.0242,0.013));
#4011=CARTESIAN_POINT('',(-0.04375,0.0242,0.013));
#4012=CARTESIAN_POINT('',(0.0452,0.0242,0.013));
#4013=CARTESIAN_POINT('',(0.04665,0.0242,0.013));
#4014=CARTESIAN_POINT('',(0.0452,-0.0242,0.013));
#4015=CARTESIAN_POINT('',(0.04665,-0.0242,0.013));
#4016=CARTESIAN_POINT('',(-0.0452,-0.0242,0.013));
#4017=CARTESIAN_POINT('',(-0.04375,-0.0242,0.013));
#4018=CARTESIAN_POINT('',(-0.0452,0.0242,0.013));
#4019=CARTESIAN_POINT('',(0.0452,0.0242,0.013));
#4020=CARTESIAN_POINT('',(0.0452,-0.0242,0.013));
#4021=CARTESIAN_POINT('',(-0.0452,-0.0242,0.013));
#4022=CARTESIAN_POINT('',(-0.0452,0.0242,0.016));
#4023=CARTESIAN_POINT('',(0.0452,0.0242,0.016));
#4024=CARTESIAN_POINT('',(0.0452,-0.0242,0.016));
#4025=CARTESIAN_POINT('',(-0.0452,-0.0242,0.016));
#4026=CARTESIAN_POINT('',(-0.0452,-0.0242,0.016));
#4027=CARTESIAN_POINT('',(0.0452,-0.0242,0.016));
#4028=CARTESIAN_POINT('',(0.0452,0.0242,0.016));
#4029=CARTESIAN_POINT('',(-0.0452,0.0242,0.016));
#4030=CARTESIAN_POINT('',(0.0314262032250623,-0.00242776226203966,0.018935));
#4031=CARTESIAN_POINT('',(0.0245512032250623,-0.00242776226203966,0.018935));
#4032=CARTESIAN_POINT('',(0.0383012032250623,-0.00242776226203966,0.018935));
#4033=CARTESIAN_POINT('',(0.0245512032250623,-0.00927323470298454,0.018935));
#4034=CARTESIAN_POINT('',(0.0245512032250623,-0.0161187071439295,0.018935));
#4035=CARTESIAN_POINT('',(0.0314262032250623,-0.0161187071439295,0.018935));
#4036=CARTESIAN_POINT('',(0.0383012032250623,-0.0161187071439295,0.018935));
#4037=CARTESIAN_POINT('',(0.0383012032250623,-0.00927323470298454,0.018935));
#4038=CARTESIAN_POINT('',(0.0319870693667945,0.0162667652970154,0.018935));
#4039=CARTESIAN_POINT('',(0.0259831323589205,0.0162667652970154,0.018935));
#4040=CARTESIAN_POINT('',(0.0379910063746686,0.0162667652970154,0.018935));
#4041=CARTESIAN_POINT('',(0.0259831323589205,0.0104892062418973,0.018935));
#4042=CARTESIAN_POINT('',(0.0259831323589205,0.00471164718677924,0.018935));
#4043=CARTESIAN_POINT('',(0.0319870693667945,0.00471164718677924,0.018935));
#4044=CARTESIAN_POINT('',(0.0379910063746686,0.00471164718677924,0.018935));
#4045=CARTESIAN_POINT('',(0.0379910063746686,0.0104892062418973,0.018935));
#4046=CARTESIAN_POINT('',(0.0114905339337237,0.0173346786828423,0.018935));
#4047=CARTESIAN_POINT('',(0.00461553393372369,0.0173346786828423,0.018935));
#4048=CARTESIAN_POINT('',(0.0183655339337237,0.0173346786828423,0.018935));
#4049=CARTESIAN_POINT('',(0.00461553393372369,0.0104892062418973,0.018935));
#4050=CARTESIAN_POINT('',(0.00461553393372369,0.00364373380095248,0.018935));
#4051=CARTESIAN_POINT('',(0.0114905339337237,0.00364373380095248,0.018935));
#4052=CARTESIAN_POINT('',(0.0183655339337237,0.00364373380095248,0.018935));
#4053=CARTESIAN_POINT('',(0.0183655339337237,0.0104892062418973,0.018935));
#4054=CARTESIAN_POINT('',(0.0114610063746686,-0.00236965202581919,0.018935));
#4055=CARTESIAN_POINT('',(0.00455647881561345,-0.00236965202581919,0.018935));
#4056=CARTESIAN_POINT('',(0.0183655339337237,-0.00236965202581919,0.018935));
#4057=CARTESIAN_POINT('',(0.00455647881561345,-0.00927417958487431,0.018935));
#4058=CARTESIAN_POINT('',(0.00455647881561345,-0.0161787071439295,0.018935));
#4059=CARTESIAN_POINT('',(0.0114610063746686,-0.0161787071439295,0.018935));
#4060=CARTESIAN_POINT('',(0.0183655339337237,-0.0161787071439295,0.018935));
#4061=CARTESIAN_POINT('',(0.0183655339337237,-0.00927417958487431,0.018935));
#4062=CARTESIAN_POINT('',(-0.00847513535761489,-0.00243776226203966,0.018935));
#4063=CARTESIAN_POINT('',(-0.0153501353576149,-0.00243776226203966,0.018935));
#4064=CARTESIAN_POINT('',(-0.0016001353576149,-0.00243776226203966,0.018935));
#4065=CARTESIAN_POINT('',(-0.0153501353576149,-0.00928323470298454,0.018935));
#4066=CARTESIAN_POINT('',(-0.0153501353576149,-0.0161287071439294,0.018935));
#4067=CARTESIAN_POINT('',(-0.00847513535761489,-0.0161287071439294,0.018935));
#4068=CARTESIAN_POINT('',(-0.0016001353576149,-0.0161287071439294,0.018935));
#4069=CARTESIAN_POINT('',(-0.0016001353576149,-0.00928323470298454,0.018935));
#4070=CARTESIAN_POINT('',(-0.00853194293635505,0.0174163332104013,0.018935));
#4071=CARTESIAN_POINT('',(-0.0154637505150952,0.0174163332104013,0.018935));
#4072=CARTESIAN_POINT('',(-0.0016001353576149,0.0174163332104013,0.018935));
#4073=CARTESIAN_POINT('',(-0.0154637505150952,0.0105300335056769,0.018935));
#4074=CARTESIAN_POINT('',(-0.0154637505150952,0.00364373380095248,0.018935));
#4075=CARTESIAN_POINT('',(-0.00853194293635505,0.00364373380095248,0.018935));
#4076=CARTESIAN_POINT('',(-0.0016001353576149,0.00364373380095248,0.018935));
#4077=CARTESIAN_POINT('',(-0.0016001353576149,0.0105300335056769,0.018935));
#4078=CARTESIAN_POINT('',(-0.0296220841765126,0.0147875526985903,0.018935));
#4079=CARTESIAN_POINT('',(-0.0355079109481661,0.0147875526985903,0.018935));
#4080=CARTESIAN_POINT('',(-0.023736257404859,0.0147875526985903,0.018935));
#4081=CARTESIAN_POINT('',(-0.0355079109481661,0.000269836163157192,0.018935));
#4082=CARTESIAN_POINT('',(-0.0355079109481661,-0.0142478803722759,0.018935));
#4083=CARTESIAN_POINT('',(-0.0296220841765126,-0.0142478803722759,0.018935));
#4084=CARTESIAN_POINT('',(-0.023736257404859,-0.0142478803722759,0.018935));
#4085=CARTESIAN_POINT('',(-0.023736257404859,0.000269836163157192,0.018935));
#4086=CARTESIAN_POINT('',(-0.0493560540309548,0.0404882193101496,-0.0121152648627758));
#4087=CARTESIAN_POINT('',(0.,0.0277,0.003));
#4088=CARTESIAN_POINT('',(0.,0.0277,0.003));
#4089=CARTESIAN_POINT('',(-0.0355079109481661,0.0277,0.003));
#4090=CARTESIAN_POINT('',(-0.023736257404859,0.0277,0.003));
#4091=CARTESIAN_POINT('',(-0.023736257404859,0.0277,0.003));
#4092=CARTESIAN_POINT('',(-0.023736257404859,0.0277,0.013));
#4093=CARTESIAN_POINT('',(0.,0.0277,0.013));
#4094=CARTESIAN_POINT('',(0.0452,0.0277,0.013));
#4095=CARTESIAN_POINT('',(0.0452,0.0277,0.003));
#4096=CARTESIAN_POINT('',(0.0452,0.0277,0.));
#4097=CARTESIAN_POINT('',(0.,0.0277,0.));
#4098=CARTESIAN_POINT('',(-0.0452,0.0277,0.));
#4099=CARTESIAN_POINT('',(-0.0452,0.0277,0.003));
#4100=CARTESIAN_POINT('',(-0.0452,0.0277,0.013));
#4101=CARTESIAN_POINT('',(0.,0.0277,0.013));
#4102=CARTESIAN_POINT('',(-0.0355079109481661,0.0277,0.013));
#4103=CARTESIAN_POINT('',(-0.0355079109481661,0.0277,0.003));
#4104=CARTESIAN_POINT('',(0.,0.0207,0.003));
#4105=CARTESIAN_POINT('',(0.,0.0207,0.013));
#4106=CARTESIAN_POINT('',(-0.023736257404859,0.0207,0.013));
#4107=CARTESIAN_POINT('',(0.0417,0.0207,0.013));
#4108=CARTESIAN_POINT('',(-0.023736257404859,0.0207,0.003));
#4109=CARTESIAN_POINT('',(-0.023736257404859,0.0207,0.003));
#4110=CARTESIAN_POINT('',(0.,0.0207,0.003));
#4111=CARTESIAN_POINT('',(0.0417,0.0207,0.003));
#4112=CARTESIAN_POINT('',(0.0417,0.0207,0.003));
#4113=CARTESIAN_POINT('',(0.,3.46944695195361E-18,0.013));
#4114=CARTESIAN_POINT('',(-0.023736257404859,0.0241,0.013));
#4115=CARTESIAN_POINT('',(0.0417,3.46944695195361E-18,0.013));
#4116=CARTESIAN_POINT('',(0.0417,-0.0207,0.013));
#4117=CARTESIAN_POINT('',(0.,-0.0207,0.013));
#4118=CARTESIAN_POINT('',(-0.0417,-0.0207,0.013));
#4119=CARTESIAN_POINT('',(-0.0417,3.46944695195361E-18,0.013));
#4120=CARTESIAN_POINT('',(-0.0417,0.0207,0.013));
#4121=CARTESIAN_POINT('',(0.,0.0207,0.013));
#4122=CARTESIAN_POINT('',(-0.0355079109481661,0.0207,0.013));
#4123=CARTESIAN_POINT('',(-0.0355079109481661,0.0241,0.013));
#4124=CARTESIAN_POINT('',(-0.0452,0.0242,0.013));
#4125=CARTESIAN_POINT('',(-0.0487,0.0242,0.013));
#4126=CARTESIAN_POINT('',(-0.0487,0.,0.013));
#4127=CARTESIAN_POINT('',(-0.0487,-0.0242,0.013));
#4128=CARTESIAN_POINT('',(-0.0452,-0.0242,0.013));
#4129=CARTESIAN_POINT('',(-0.0452,-0.0277,0.013));
#4130=CARTESIAN_POINT('',(0.,-0.0277,0.013));
#4131=CARTESIAN_POINT('',(0.0452,-0.0277,0.013));
#4132=CARTESIAN_POINT('',(0.0452,-0.0242,0.013));
#4133=CARTESIAN_POINT('',(0.0487,-0.0242,0.013));
#4134=CARTESIAN_POINT('',(0.0487,3.46944695195361E-18,0.013));
#4135=CARTESIAN_POINT('',(0.0487,0.0242,0.013));
#4136=CARTESIAN_POINT('',(0.0452,0.0242,0.013));
#4137=CARTESIAN_POINT('',(-0.0452,0.0242,0.013));
#4138=CARTESIAN_POINT('',(-0.04375,0.0242,0.013));
#4139=CARTESIAN_POINT('',(0.0452,-0.0242,0.013));
#4140=CARTESIAN_POINT('',(0.04665,-0.0242,0.013));
#4141=CARTESIAN_POINT('',(0.0452,0.0242,0.013));
#4142=CARTESIAN_POINT('',(0.04665,0.0242,0.013));
#4143=CARTESIAN_POINT('',(-0.0452,-0.0242,0.013));
#4144=CARTESIAN_POINT('',(-0.04375,-0.0242,0.013));
#4145=CARTESIAN_POINT('',(-0.0487,0.,0.003));
#4146=CARTESIAN_POINT('',(-0.0487,0.0242,0.));
#4147=CARTESIAN_POINT('',(-0.0487,0.0242,0.));
#4148=CARTESIAN_POINT('',(-0.0487,0.,0.));
#4149=CARTESIAN_POINT('',(-0.0487,-0.0242,0.));
#4150=CARTESIAN_POINT('',(-0.0487,-0.0242,0.003));
#4151=CARTESIAN_POINT('',(0.,-0.0277,0.003));
#4152=CARTESIAN_POINT('',(-0.0452,-0.0277,0.003));
#4153=CARTESIAN_POINT('',(-0.0452,-0.0277,0.));
#4154=CARTESIAN_POINT('',(0.,-0.0277,0.));
#4155=CARTESIAN_POINT('',(0.0452,-0.0277,0.));
#4156=CARTESIAN_POINT('',(0.0452,-0.0277,0.003));
#4157=CARTESIAN_POINT('',(0.0487,3.46944695195361E-18,0.003));
#4158=CARTESIAN_POINT('',(0.0487,-0.0242,0.));
#4159=CARTESIAN_POINT('',(0.0487,-0.0242,0.));
#4160=CARTESIAN_POINT('',(0.0487,3.46944695195361E-18,0.));
#4161=CARTESIAN_POINT('',(0.0487,0.0242,0.));
#4162=CARTESIAN_POINT('',(0.0487,0.0242,0.003));
#4163=CARTESIAN_POINT('',(0.,3.46944695195361E-18,0.));
#4164=CARTESIAN_POINT('',(-0.0452,0.0242,0.));
#4165=CARTESIAN_POINT('',(-0.04665,0.0242,0.));
#4166=CARTESIAN_POINT('',(0.0452,-0.0242,0.));
#4167=CARTESIAN_POINT('',(0.04665,-0.0242,0.));
#4168=CARTESIAN_POINT('',(0.0452,0.0242,0.));
#4169=CARTESIAN_POINT('',(0.04665,0.0242,0.));
#4170=CARTESIAN_POINT('',(-0.0452,-0.0242,0.));
#4171=CARTESIAN_POINT('',(-0.04375,-0.0242,0.));
#4172=CARTESIAN_POINT('',(-0.0452,0.0242,0.));
#4173=CARTESIAN_POINT('',(0.0452,0.0242,0.));
#4174=CARTESIAN_POINT('',(0.0452,-0.0242,0.));
#4175=CARTESIAN_POINT('',(-0.0452,-0.0242,0.));
#4176=CARTESIAN_POINT('',(-0.0452,0.0242,0.003));
#4177=CARTESIAN_POINT('',(-0.0452,-0.0242,0.003));
#4178=CARTESIAN_POINT('',(0.0452,-0.0242,0.003));
#4179=CARTESIAN_POINT('',(0.0452,0.0242,0.003));
#4180=CARTESIAN_POINT('',(-0.0452,-0.0242,0.003));
#4181=CARTESIAN_POINT('',(0.0452,0.0242,0.003));
#4182=CARTESIAN_POINT('',(0.0452,-0.0242,0.003));
#4183=CARTESIAN_POINT('',(-0.0452,0.0242,0.));
#4184=CARTESIAN_POINT('',(0.,0.0207,0.003));
#4185=CARTESIAN_POINT('',(-0.0355079109481661,0.0207,0.003));
#4186=CARTESIAN_POINT('',(-0.0355079109481661,0.0207,0.003));
#4187=CARTESIAN_POINT('',(-0.0417,0.0207,0.003));
#4188=CARTESIAN_POINT('',(-0.0417,0.0207,0.003));
#4189=CARTESIAN_POINT('',(0.,0.0207,0.003));
#4190=CARTESIAN_POINT('',(-0.0417,0.,0.003));
#4191=CARTESIAN_POINT('',(-0.0417,-0.0207,0.003));
#4192=CARTESIAN_POINT('',(-0.0417,-0.0207,0.003));
#4193=CARTESIAN_POINT('',(-0.0417,0.,0.003));
#4194=CARTESIAN_POINT('',(0.,-0.0207,0.003));
#4195=CARTESIAN_POINT('',(0.0417,-0.0207,0.003));
#4196=CARTESIAN_POINT('',(0.0417,-0.0207,0.003));
#4197=CARTESIAN_POINT('',(0.,-0.0207,0.003));
#4198=CARTESIAN_POINT('',(0.0417,3.46944695195361E-18,0.003));
#4199=CARTESIAN_POINT('',(0.0417,0.,0.003));
#4200=CARTESIAN_POINT('',(0.,0.,0.003));
#4201=CARTESIAN_POINT('',(-0.023736257404859,0.0241,0.003));
#4202=CARTESIAN_POINT('',(-0.0355079109481661,0.0241,0.003));
#4203=CARTESIAN_POINT('',(-0.023736257404859,0.0241,0.013));
#4204=CARTESIAN_POINT('',(-0.0355079109481661,0.0241,0.013));
#4205=CARTESIAN_POINT('',(-0.0493560540309548,0.0404882193101496,-0.0121152648627758));
#4206=MECHANICAL_DESIGN_GEOMETRIC_PRESENTATION_REPRESENTATION('',(#2531,
#2532,#2533),#4207);
#4207=(
GEOMETRIC_REPRESENTATION_CONTEXT(3)
GLOBAL_UNCERTAINTY_ASSIGNED_CONTEXT((#4211))
GLOBAL_UNIT_ASSIGNED_CONTEXT((#4217,#4216,#4215))
REPRESENTATION_CONTEXT('Assembly 1','TOP_LEVEL_ASSEMBLY_PART')
);
#4208=(
GEOMETRIC_REPRESENTATION_CONTEXT(3)
GLOBAL_UNCERTAINTY_ASSIGNED_CONTEXT((#4212))
GLOBAL_UNIT_ASSIGNED_CONTEXT((#4217,#4216,#4215))
REPRESENTATION_CONTEXT('macroPad-unsaved-export-fYbyWo_PCB',
'COMPONENT_PART')
);
#4209=(
GEOMETRIC_REPRESENTATION_CONTEXT(3)
GLOBAL_UNCERTAINTY_ASSIGNED_CONTEXT((#4213))
GLOBAL_UNIT_ASSIGNED_CONTEXT((#4217,#4216,#4215))
REPRESENTATION_CONTEXT('Part 2','COMPONENT_PART')
);
#4210=(
GEOMETRIC_REPRESENTATION_CONTEXT(3)
GLOBAL_UNCERTAINTY_ASSIGNED_CONTEXT((#4214))
GLOBAL_UNIT_ASSIGNED_CONTEXT((#4217,#4216,#4215))
REPRESENTATION_CONTEXT('Part 1','COMPONENT_PART')
);
#4211=UNCERTAINTY_MEASURE_WITH_UNIT(LENGTH_MEASURE(1.E-8),#4217,
'DISTANCE_ACCURACY_VALUE','Maximum Tolerance applied to model');
#4212=UNCERTAINTY_MEASURE_WITH_UNIT(LENGTH_MEASURE(1.E-8),#4217,
'DISTANCE_ACCURACY_VALUE','Maximum Tolerance applied to model');
#4213=UNCERTAINTY_MEASURE_WITH_UNIT(LENGTH_MEASURE(1.E-8),#4217,
'DISTANCE_ACCURACY_VALUE','Maximum Tolerance applied to model');
#4214=UNCERTAINTY_MEASURE_WITH_UNIT(LENGTH_MEASURE(1.E-8),#4217,
'DISTANCE_ACCURACY_VALUE','Maximum Tolerance applied to model');
#4215=(
NAMED_UNIT(*)
SI_UNIT($,.STERADIAN.)
SOLID_ANGLE_UNIT()
);
#4216=(
NAMED_UNIT(*)
PLANE_ANGLE_UNIT()
SI_UNIT($,.RADIAN.)
);
#4217=(
LENGTH_UNIT()
NAMED_UNIT(*)
SI_UNIT($,.METRE.)
);
#4218=PRODUCT_DEFINITION_SHAPE('','',#4225);
#4219=PRODUCT_DEFINITION_SHAPE('','',#4226);
#4220=PRODUCT_DEFINITION_SHAPE(' ','NAUO PRDDFN',#13);
#4221=PRODUCT_DEFINITION_SHAPE('','',#4227);
#4222=PRODUCT_DEFINITION_SHAPE(' ','NAUO PRDDFN',#14);
#4223=PRODUCT_DEFINITION_SHAPE('','',#4228);
#4224=PRODUCT_DEFINITION_SHAPE(' ','NAUO PRDDFN',#15);
#4225=PRODUCT_DEFINITION('','',#4233,#4229);
#4226=PRODUCT_DEFINITION('','',#4234,#4230);
#4227=PRODUCT_DEFINITION('','',#4235,#4231);
#4228=PRODUCT_DEFINITION('','',#4236,#4232);
#4229=PRODUCT_DEFINITION_CONTEXT('',#4254,'design');
#4230=PRODUCT_DEFINITION_CONTEXT('',#4254,'design');
#4231=PRODUCT_DEFINITION_CONTEXT('',#4254,'design');
#4232=PRODUCT_DEFINITION_CONTEXT('',#4254,'design');
#4233=PRODUCT_DEFINITION_FORMATION_WITH_SPECIFIED_SOURCE('','',#4241,
 .NOT_KNOWN.);
#4234=PRODUCT_DEFINITION_FORMATION_WITH_SPECIFIED_SOURCE('','',#4242,
 .NOT_KNOWN.);
#4235=PRODUCT_DEFINITION_FORMATION_WITH_SPECIFIED_SOURCE('','',#4243,
 .NOT_KNOWN.);
#4236=PRODUCT_DEFINITION_FORMATION_WITH_SPECIFIED_SOURCE('','',#4244,
 .NOT_KNOWN.);
#4237=PRODUCT_RELATED_PRODUCT_CATEGORY('','',(#4241));
#4238=PRODUCT_RELATED_PRODUCT_CATEGORY('','',(#4242));
#4239=PRODUCT_RELATED_PRODUCT_CATEGORY('','',(#4243));
#4240=PRODUCT_RELATED_PRODUCT_CATEGORY('','',(#4244));
#4241=PRODUCT('Assembly 1','Assembly 1','Assembly 1',(#4249));
#4242=PRODUCT('macroPad-unsaved-export-fYbyWo_PCB',
'macroPad-unsaved-export-fYbyWo_PCB',
'macroPad-unsaved-export-fYbyWo_PCB',(#4250));
#4243=PRODUCT('Part 2','Part 2','Part 2',(#4251));
#4244=PRODUCT('Part 1','Part 1','Part 1',(#4252));
#4245=PRODUCT_CATEGORY('','');
#4246=PRODUCT_CATEGORY('','');
#4247=PRODUCT_CATEGORY('','');
#4248=PRODUCT_CATEGORY('','');
#4249=PRODUCT_CONTEXT('',#4254,'mechanical');
#4250=PRODUCT_CONTEXT('',#4254,'mechanical');
#4251=PRODUCT_CONTEXT('',#4254,'mechanical');
#4252=PRODUCT_CONTEXT('',#4254,'mechanical');
#4253=APPLICATION_PROTOCOL_DEFINITION('international standard',
'ap242_managed_model_based_3d_engineering',2020,#4254);
#4254=APPLICATION_CONTEXT('managed model based 3d engineering');
ENDSEC;
END-ISO-10303-21;
